n3,,,,,,,,,,,,,,,,,,,,,,,,,,,,,,,,,,,,,,,,,,,,,,,,,,,,,,,,,,,,,,
,,,,,,,,,,,,,,,,,,,,,,,,,,,,,,,,,,,,,,,,,,,,,,,,,,,,,,,,,,,,,,seed
abs,-307.0202399590458,-271.3234893081876,-254.57442634221317,-247.066669914691,-240.208585417799,-235.42359062734508,-233.79792829979525,-231.73819409874577,-230.68835950118682,-230.68835950118682,-229.6010694561055,-228.91537775963695,-228.91537775963695,-228.91537775963695,-228.91537775963695,-228.91537775963695,-228.91537775963695,-228.91537775963695,-228.62016145677927,-228.62016145677927,-228.40155117105465,-227.4407992106077,-227.4407992106077,-227.11305838301763,-226.73198440903934,-226.69877852876863,-226.69877852876863,-226.69877852876863,-226.69877852876863,-226.69877852876863,-226.69877852876863,-226.69877852876863,-226.69877852876863,-226.69877852876863,-226.69877852876863,-226.69877852876863,-226.69877852876863,-226.69877852876863,-226.69877852876863,-226.69877852876863,-226.69877852876863,-226.69877852876863,-226.56950863342522,-226.56950863342522,-226.0537510472196,-226.0537510472196,-226.0537510472196,-226.0537510472196,-226.0537510472196,-226.0537510472196,-225.83480707463679,-225.83480707463679,-225.83480707463679,-225.83480707463679,-225.83480707463679,-225.83480707463679,-225.83480707463679,-225.83480707463679,-225.83480707463679,-225.83480707463679,,33
abs,-301.9862693819058,-269.834636623268,-251.54335827028612,-242.9766402384009,-237.87948590140115,-230.40622583637798,-228.49595341651838,-227.35256398989415,-227.27471940657176,-225.72406495346308,-225.72406495346308,-224.84304027595493,-222.9901911127771,-222.9901911127771,-222.9901911127771,-222.9901911127771,-222.9901911127771,-221.84462483426188,-221.84462483426188,-221.11812794365696,-219.94371919733354,-218.99952166345662,-218.99952166345662,-218.99952166345662,-218.8954670890688,-217.46509522918035,-216.97515624294266,-215.72481592453653,-215.39311087897065,-215.39311087897065,-215.01485348680112,-213.47489183637705,-213.47489183637705,-212.8822874816223,-212.62150856154534,-212.62150856154534,-212.62150856154534,-212.62150856154534,-212.62150856154534,-212.62150856154534,-212.62150856154534,-212.62150856154534,-212.62150856154534,-212.62150856154534,-212.62150856154534,-212.62150856154534,-212.62150856154534,-212.62150856154534,-212.62150856154534,-212.62150856154534,-212.62150856154534,-212.62150856154534,-212.62150856154534,-212.62150856154534,-212.62150856154534,-212.62150856154534,-212.62150856154534,-212.62150856154534,-212.62150856154534,-212.62150856154534,,44
abs,-283.0287071043775,-260.1922800637514,-251.94283751204733,-246.00653168217755,-236.75061184027285,-231.9832210809083,-226.63565500922644,-225.43153482052787,-222.54824514667044,-221.78828314059206,-221.78828314059206,-221.78828314059206,-221.78828314059206,-221.78828314059206,-221.70734810142562,-221.09126996369216,-220.44118051678637,-220.36393298882945,-219.78786157490447,-219.78786157490447,-219.78786157490447,-219.62040183654852,-219.62040183654852,-219.22675422042224,-218.7648105372838,-217.8432636859468,-217.8432636859468,-217.13083775422623,-217.13083775422623,-216.25670780771645,-216.07614043616252,-215.91039337400707,-215.9016479328223,-215.9016479328223,-214.76669017341575,-214.76669017341575,-214.76354100885547,-214.76354100885547,-214.4142843072859,-214.4142843072859,-214.4142843072859,-213.4683268556773,-213.23092254035512,-213.13384849801798,-213.0549025225808,-212.41819468555116,-212.20289979960512,-211.99737243614567,-211.5069938714775,-211.5069938714775,-211.47505006067897,-211.25974336484168,-211.25974336484168,-211.25974336484168,-210.91234790352024,-210.91234790352024,-210.91234790352024,-210.91234790352024,-210.91234790352024,-210.91234790352024,,
,,,,,,,,,,,,,,,,,,,,,,,,,,,,,,,,,,,,,,,,,,,,,,,,,,,,,,,,,,,,,,
,,,,,,,,,,,,,,,,,,,,,,,,,,,,,,,,,,,,,,,,,,,,,,,,,,,,,,,,,,,,,,
,,,,,,,,,,,,,,,,,,,,,,,,,,,,,,,,,,,,,,,,,,,,,,,,,,,,,,,,,,,,,,
,,,,,,,,,,,,,,,,,,,,,,,,,,,,,,,,,,,,,,,,,,,,,,,,,,,,,,,,,,,,,,
,,,,,,,,,,,,,,,,,,,,,,,,,,,,,,,,,,,,,,,,,,,,,,,,,,,,,,,,,,,,,,
,,,,,,,,,,,,,,,,,,,,,,,,,,,,,,,,,,,,,,,,,,,,,,,,,,,,,,,,,,,,,,
,,,,,,,,,,,,,,,,,,,,,,,,,,,,,,,,,,,,,,,,,,,,,,,,,,,,,,,,,,,,,,
,,,,,,,,,,,,,,,,,,,,,,,,,,,,,,,,,,,,,,,,,,,,,,,,,,,,,,,,,,,,,,
,,,,,,,,,,,,,,,,,,,,,,,,,,,,,,,,,,,,,,,,,,,,,,,,,,,,,,,,,,,,,,
,,,,,,,,,,,,,,,,,,,,,,,,,,,,,,,,,,,,,,,,,,,,,,,,,,,,,,,,,,,,,,
n3,,,,,,,,,,,,,,,,,,,,,,,,,,,,,,,,,,,,,,,,,,,,,,,,,,,,,,,,,,,,,,
,,,,,,,,,,,,,,,,,,,,,,,,,,,,,,,,,,,,,,,,,,,,,,,,,,,,,,,,,,,,,,seed
final,-307.0202399590458,-289.1718646336167,-277.63938520314883,-269.99620638103437,-264.03868218838727,-259.2695002615469,-255.63070426701097,-252.6441404959778,-250.20460927433436,-248.3491301570047,-240.60721310671073,-236.3664019518557,-233.832115889459,-232.08548760592504,-231.02006188725863,-230.5153911833409,-230.06289192295077,-229.95575484507373,-229.74893504063297,-229.45855603957548,-229.3386042110704,-229.19114635616742,-229.0580230343197,-228.8092901646863,-228.5270557824768,-228.15924527653684,-227.97371635134581,-227.58740501024894,-227.4180376203698,-227.37649652906572,-227.38206936426954,-227.49660018065765,-227.46102701472006,-227.57400869263105,-227.71989142659564,-227.7955286437845,-227.809607846612,-227.95956783753445,-228.0353192995105,-227.8901952699251,-227.83643489151655,-227.6754400379068,-227.57793081721002,-227.41675232902958,-227.20304625888303,-227.10281790967892,-227.05482000745783,-226.85753072469362,-226.7367036146279,-226.69705776548048,-226.48857089904337,-226.43347469105183,-226.44243090938093,-226.45533413754387,-226.50737819572174,-226.5098680666443,-226.43447777674547,-226.43388757101008,-226.4224942742666,-226.39808128110477,,33
final,-301.9862693819058,-285.9104530025869,-274.4547547584867,-266.5852261284652,-260.8440780830524,-255.77110270860666,-251.87465280973692,-248.80939170725657,-246.41665034051383,-244.34739180180878,-236.7243957779483,-232.225236143217,-229.36991942746607,-227.39486677498198,-226.09408587269363,-225.40216381771842,-224.94744432045724,-224.396650404894,-223.932219347742,-223.47162564676142,-222.89036665216457,-222.3060147909148,-222.02798351723035,-221.61288263728156,-221.0152616583367,-220.41307065259215,-219.71571043249577,-219.10372954152325,-218.37999974591511,-217.93878612314384,-217.44589955209062,-216.89343656938263,-216.2251394324582,-215.6058576892132,-214.9784618364609,-214.52509169880759,-214.16078309361814,-213.95365094213622,-213.8751671561137,-213.59932554958786,-213.51309451914352,-213.56829319190152,-213.55561231199357,-213.66689271926924,-213.73877158466343,-213.80401495210475,-213.8351479829577,-213.94609962508974,-213.91386044413338,-214.0056510091345,-214.0628764742609,-214.1089541417325,-214.29993291886717,-214.38605863771164,-214.54610138960652,-214.70744657897225,-214.87787213158646,-214.8919678635691,-214.96993534633125,-215.0023672997957,,44
final,-283.0287071043775,-271.61049358406444,-265.0546082267254,-260.2925890905885,-255.58419364052534,-251.6506982139225,-248.07712061325165,-245.24642238916113,-242.72440269555105,-240.63079074005518,-234.76520717130023,-231.03515695701844,-228.17944636754606,-225.9103471273379,-224.4060207534532,-223.31682564173155,-222.69737819248758,-222.19061800931772,-221.91457965214113,-221.82092831353467,-221.43854488314005,-221.1114072747016,-220.764176872195,-220.35529836622763,-220.06104460981342,-219.73624398203893,-219.5690118083788,-219.24570228491848,-219.00489307684697,-218.5453868821659,-218.09809721449386,-217.72709636823976,-217.32591840229625,-217.04374579488726,-216.6439337585004,-216.37010848561945,-215.96957670848641,-215.73369983977778,-215.4371513210874,-215.318891357194,-215.19788962945995,-214.95368297762698,-214.68661043838028,-214.35949247354884,-214.18831370846533,-213.9196320813068,-213.66356796038173,-213.38609829728233,-213.09536925370148,-212.7626908644998,-212.42358355468545,-212.2027252056019,-212.0491044351671,-211.8924880542761,-211.67823259237002,-211.54026621976658,-211.41286765028252,-211.32260831187546,-211.29219452638085,-211.2180192575231

,,,,,,,,,,,,,,,,,,,,,,,,,,,,,,,,,,,,,,,,,,,,,,,,,,,,,,,,,,,,,,
,,,,,,,,,,,,,,,,,,,,,,,,,,,,,,,,,,,,,,,,,,,,,,,,,,,,,,,,,,,,,,
,,,,,,,,,,,,,,,,,,,,,,,,,,,,,,,,,,,,,,,,,,,,,,,,,,,,,,,,,,,,,,
,,,,,,,,,,,,,,,,,,,,,,,,,,,,,,,,,,,,,,,,,,,,,,,,,,,,,,,,,,,,,,
,,,,,,,,,,,,,,,,,,,,,,,,,,,,,,,,,,,,,,,,,,,,,,,,,,,,,,,,,,,,,,
,,,,,,,,,,,,,,,,,,,,,,,,,,,,,,,,,,,,,,,,,,,,,,,,,,,,,,,,,,,,,,
,,,,,,,,,,,,,,,,,,,,,,,,,,,,,,,,,,,,,,,,,,,,,,,,,,,,,,,,,,,,,,
,,,,,,,,,,,,,,,,,,,,,,,,,,,,,,,,,,,,,,,,,,,,,,,,,,,,,,,,,,,,,,
,,,,,,,,,,,,,,,,,,,,,,,,,,,,,,,,,,,,,,,,,,,,,,,,,,,,,,,,,,,,,,
,,,,,,,,,,,,,,,,,,,,,,,,,,,,,,,,,,,,,,,,,,,,,,,,,,,,,,,,,,,,,,
n3,,,,,,,,,,,,,,,,,,,,,,,,,,,,,,,,,,,,,,,,,,,,,,,,,,,,,,,,,,,,,,
,,,,,,,,,,,,,,,,,,,,,,,,,,,,,,,,,,,,,,,,,,,,,,,,,,,,,,,,,,,,,,seed
q_loss,0.7689617325862249,0.7475321590900421,0.7007163017988205,0.6737476090590159,0.5558018634716669,0.5067672183116277,0.5092342048883438,0.473058486978213,0.5265631427367529,0.41621626416842145,0.36456305036942166,0.38763047258059186,0.4173587809006373,0.35764863590399426,0.3813391576210658,0.37906690935293835,0.37683643649021786,0.33891890197992325,0.42966265976428986,0.3919267952442169,0.3504390890399615,0.3136400654911995,0.31495031466086704,0.3354944512248039,0.3113519325852394,0.3223792240023613,0.3251612111926079,0.31208522617816925,0.2990103562672933,0.3067363500595093,0.2795809134840965,0.2858072916666667,0.28885133067766827,0.2973402664065361,0.30761215339104336,0.28187598039706546,0.29083091765642166,0.2861815392971039,0.28998546302318573,0.2999611596266429,0.26519399633010227,0.2576202427347501,0.27381812532742816,0.262257548669974,0.26323890686035156,0.27463358143965405,0.24380840361118317,0.26186976581811905,0.2724556624889374,0.23895961294571558,0.2508845602472623,0.2375440647204717,0.24226136257251105,0.2540765702724457,0.24835148205359778,0.23281346758206686,0.2389061227440834,0.23398651431004205,0.23132111877202988,0.22188072899977365,,33
q_loss,0.6130925963322321,0.6436573068300883,0.660572404662768,0.6066338618596395,0.5205030788977941,0.653922880689303,0.43447954456011456,0.46221370498339337,0.4483887851238251,0.4591273019711177,0.3821251342693965,0.3763369023799896,0.4465806980927785,0.3542362128694852,0.34335796038309735,0.45405839880307514,0.37739556034406024,0.3578796138366063,0.3296774650613467,0.3209831068913142,0.3647318258881569,0.3594212954243024,0.33237948765357334,0.3102274313569069,0.2967431942621867,0.38504492243131,0.31393978744745255,0.2858625203371048,0.32526292900244397,0.3069877202312152,0.2947393034895261,0.27071938663721085,0.2751064971089363,0.2912685846288999,0.28790205468734104,0.2885228345791499,0.2979372516274452,0.2717539792259534,0.28042161216338474,0.2895296240846316,0.27410871535539627,0.26075785607099533,0.2723207597931226,0.2585992117722829,0.2517283981045087,0.26227735231320065,0.2692878221472104,0.2644807696342468,0.2587526962161064,0.25562597314516705,0.25661687801281613,0.2541035811106364,0.2656460925936699,0.2420082986354828,0.24617470304171243,0.2686713635921478,0.24167248358329138,0.24338746319214502,0.2501489693919818,0.2396208494901657,,44

,,,,,,,,,,,,,,,,,,,,,,,,,,,,,,,,,,,,,,,,,,,,,,,,,,,,,,,,,,,,,,
,,,,,,,,,,,,,,,,,,,,,,,,,,,,,,,,,,,,,,,,,,,,,,,,,,,,,,,,,,,,,,
,,,,,,,,,,,,,,,,,,,,,,,,,,,,,,,,,,,,,,,,,,,,,,,,,,,,,,,,,,,,,,
,,,,,,,,,,,,,,,,,,,,,,,,,,,,,,,,,,,,,,,,,,,,,,,,,,,,,,,,,,,,,,
,,,,,,,,,,,,,,,,,,,,,,,,,,,,,,,,,,,,,,,,,,,,,,,,,,,,,,,,,,,,,,
,,,,,,,,,,,,,,,,,,,,,,,,,,,,,,,,,,,,,,,,,,,,,,,,,,,,,,,,,,,,,,
,,,,,,,,,,,,,,,,,,,,,,,,,,,,,,,,,,,,,,,,,,,,,,,,,,,,,,,,,,,,,,
,,,,,,,,,,,,,,,,,,,,,,,,,,,,,,,,,,,,,,,,,,,,,,,,,,,,,,,,,,,,,,
,,,,,,,,,,,,,,,,,,,,,,,,,,,,,,,,,,,,,,,,,,,,,,,,,,,,,,,,,,,,,,
,,,,,,,,,,,,,,,,,,,,,,,,,,,,,,,,,,,,,,,,,,,,,,,,,,,,,,,,,,,,,,
n6,,,,,,,,,,,,,,,,,,,,,,,,,,,,,,,,,,,,,,,,,,,,,,,,,,,,,,,,,,,,,,
,,,,,,,,,,,,,,,,,,,,,,,,,,,,,,,,,,,,,,,,,,,,,,,,,,,,,,,,,,,,,,seed
abs,-4281.557915750628,-4281.557915750628,-4199.068972863523,-4118.902502385555,-4086.114485870623,-4017.307541170288,-3952.5674573342326,-3934.3023119166446,-3882.1966130102014,-3862.558677390304,-3832.817620525783,-3832.817620525783,-3805.342986037124,-3756.6050933338984,-3747.148808688276,-3747.148808688276,-3740.97440730872,-3692.6570755725,-3692.6570755725,-3680.803263774551,-3674.0731728825285,-3667.776311776223,-3664.724125180048,-3632.1982922538937,-3617.786193218745,-3598.413874588952,-3598.3960812651917,-3572.9825449738687,-3572.9825449738687,-3547.1907634492686,-3544.231898716619,-3528.8327841634778,-3528.8327841634778,-3528.8327841634778,-3496.7610189443008,-3482.321237236583,-3461.764054044309,-3457.6381112712415,-3438.2024340713633,-3429.352882661315,-3429.352882661315,-3426.4120627941525,-3424.859887474435,-3412.273592474553,-3407.3064362020214,-3404.446318056864,-3404.0192754846803,-3404.0192754846803,-3386.4530712672686,-3386.4530712672686,-3386.4530712672686,-3386.4530712672686,-3386.4530712672686,-3380.2725268369336,-3380.2725268369336,-3380.2725268369336,-3380.2725268369336,-3380.2725268369336,-3376.7933287903156,-3374.5046488097164,,33
abs,-4245.467100219919,-4245.467100219919,-4245.467100219919,-4045.883247343004,-4025.89644744908,-3966.701162535729,-3886.8670915300254,-3846.3639831955597,-3816.8957116011993,-3816.8957116011993,-3814.838827337848,-3779.6564203584867,-3766.803638584072,-3758.565446196217,-3756.4551083757997,-3723.7806055694728,-3704.4883970090978,-3689.0624992476933,-3682.432014764953,-3667.800046504955,-3658.751473223764,-3646.6970881216153,-3644.596757520287,-3629.4064599320345,-3626.561912619521,-3615.781460044567,-3614.119050122329,-3585.4486225557253,-3585.4486225557253,-3583.41930118296,-3563.6987364799647,-3556.975414124443,-3533.1042435110057,-3526.113571445169,-3508.668330386661,-3502.7236712160825,-3482.3555210547706,-3482.3555210547706,-3482.3555210547706,-3482.3555210547706,-3468.762370973702,-3465.121548718781,-3464.357148231038,-3444.0847274838247,-3444.0847274838247,-3428.3182006109955,-3420.3245832042103,-3417.628834202232,-3416.16882859103,-3406.0117662783587,-3406.0117662783587,-3402.0649173791026,-3402.0649173791026,-3402.0649173791026,-3401.4550544435847,-3395.3448382207084,-3388.4886524744966,-3388.4886524744966,-3388.4886524744966,-3388.4886524744966,,44
abs,-4344.236506575035,-4275.524696472666,-4224.642413805161,-4081.2721494158495,-4048.2041895260736,-3982.597913280859,-3932.140970783661,-3863.046182888227,-3863.046182888227,-3812.2689906194146,-3812.2689906194146,-3794.8167819423315,-3774.8335835805888,-3723.3352956871026,-3719.404629465468,-3696.172447626506,-3688.100617608049,-3688.100617608049,-3669.11531993265,-3649.860520074974,-3630.399512977876,-3600.8095303301056,-3600.8095303301056,-3573.0213897896188,-3562.1325569265996,-3562.1325569265996,-3546.9445504113964,-3526.5332332043704,-3526.342135034903,-3499.8723356859837,-3482.8636938657937,-3477.3779534726714,-3470.281783837808,-3470.281783837808,-3443.941743957908,-3442.813775787884,-3435.681379535308,-3431.20066656483,-3429.2223414549785,-3413.15615479682,-3411.209489491617,-3411.209489491617,-3409.8285322252227,-3400.4481297942516,-3400.4481297942516,-3395.03872731651,-3391.2223586406326,-3391.2223586406326,-3379.5196803870426,-3379.5196803870426,-3379.5196803870426,-3373.2184181133134,-3371.120471960203,-3363.617962017523,-3363.617962017523,-3363.617962017523,-3363.617962017523,-3363.617962017523,-3363.617962017523,-3362.2396848602602
,,,,,,,,,,,,,,,,,,,,,,,,,,,,,,,,,,,,,,,,,,,,,,,,,,,,,,,,,,,,,,
,,,,,,,,,,,,,,,,,,,,,,,,,,,,,,,,,,,,,,,,,,,,,,,,,,,,,,,,,,,,,,
,,,,,,,,,,,,,,,,,,,,,,,,,,,,,,,,,,,,,,,,,,,,,,,,,,,,,,,,,,,,,,
,,,,,,,,,,,,,,,,,,,,,,,,,,,,,,,,,,,,,,,,,,,,,,,,,,,,,,,,,,,,,,
,,,,,,,,,,,,,,,,,,,,,,,,,,,,,,,,,,,,,,,,,,,,,,,,,,,,,,,,,,,,,,
,,,,,,,,,,,,,,,,,,,,,,,,,,,,,,,,,,,,,,,,,,,,,,,,,,,,,,,,,,,,,,
,,,,,,,,,,,,,,,,,,,,,,,,,,,,,,,,,,,,,,,,,,,,,,,,,,,,,,,,,,,,,,
,,,,,,,,,,,,,,,,,,,,,,,,,,,,,,,,,,,,,,,,,,,,,,,,,,,,,,,,,,,,,,
,,,,,,,,,,,,,,,,,,,,,,,,,,,,,,,,,,,,,,,,,,,,,,,,,,,,,,,,,,,,,,
,,,,,,,,,,,,,,,,,,,,,,,,,,,,,,,,,,,,,,,,,,,,,,,,,,,,,,,,,,,,,,
n6,,,,,,,,,,,,,,,,,,,,,,,,,,,,,,,,,,,,,,,,,,,,,,,,,,,,,,,,,,,,,,
,,,,,,,,,,,,,,,,,,,,,,,,,,,,,,,,,,,,,,,,,,,,,,,,,,,,,,,,,,,,,,seed
final,-4281.557915750628,-4290.970086318892,-4260.336381833768,-4224.977911971715,-4197.205226751497,-4167.222279154629,-4136.557304608858,-4111.275430522332,-4085.822228576539,-4063.495873457916,-4018.6218439354307,-3972.606407714005,-3933.233809031365,-3897.004068126199,-3863.107500407964,-3836.2861554194824,-3815.126850416932,-3790.962326782517,-3772.1576889911985,-3753.982147629623,-3738.107702865298,-3720.862544575631,-3706.800658489924,-3694.3599783819236,-3681.4237168349705,-3666.3556951653177,-3652.0978625609655,-3640.1304095011023,-3628.042327365147,-3614.681077332618,-3601.6969499160273,-3587.8025971547527,-3589.2762245189815,-3580.322630363165,-3568.2201129357213,-3556.6108492004837,-3542.9476464783957,-3531.413203108133,-3517.9065051415228,-3506.122717062728,-3495.051281712821,-3484.809209575889,-3459.3491584410995,-3446.310282618981,-3437.3648243447533,-3429.5773324267816,-3423.8028545708185,-3419.161088198382,-3413.986151917973,-3411.3593711127164,-3408.0918533247377,-3404.660810064812,-3401.4333558820663,-3398.2332493183044,-3397.238101039738,-3395.656710258688,-3393.5565286516153,-3390.746672541746,-3389.7806982940515,-3386.922655714147,,33
final,-4245.467100219919,-4263.830849687987,-4268.135176088407,-4212.572193902057,-4175.237044611461,-4140.481064265506,-4104.2504967318655,-4072.014682539828,-4043.668130213314,-4021.1205192728803,-3978.057691984673,-3927.803874104916,-3876.809855074399,-3848.07807495972,-3821.133941052392,-3796.841885355766,-3778.6040159036734,-3762.873867508887,-3749.4274978252624,-3734.38830039486,-3718.7795649834507,-3705.483631759764,-3693.2629436533853,-3680.347045026967,-3667.3577254513393,-3656.5578108988484,-3647.520876210172,-3637.159488540976,-3630.0421544832307,-3621.6040799510315,-3612.098806276651,-3603.126638876934,-3591.977387476006,-3581.648098627319,-3569.8587404040336,-3558.5529615211844,-3545.3766086144287,-3535.332576389398,-3523.292673839094,-3513.3147590119543,-3503.8211224613283,-3494.6357359207623,-3487.761026392765,-3479.5581419966306,-3473.4119836639534,-3465.971436603445,-3459.768342818389,-3453.0303962080698,-3445.561314198726,-3437.798475535406,-3432.829413809254,-3426.5237506752865,-3420.920891601927,-3417.1587090801104,-3412.58353981848,-3409.286203579451,-3406.1026105064802,-3403.739303563012,-3401.0172719961565,-3399.288377105514,,44
final,-4344.236506575035,-4309.88060152385,-4281.467872284286,-4231.418941567177,-4194.7759911589565,-4159.4129781792735,-4126.945548551329,-4093.958127843441,-4069.1586484527456,-4043.4696826694126,-3990.5320603690466,-3942.461268916013,-3897.4803858935566,-3861.686700520682,-3828.806744514621,-3800.164197949186,-3775.7601626316246,-3758.5032966897315,-3738.3385473502794,-3722.0977002958343,-3703.6516232364847,-3684.2508980752623,-3667.3375967270645,-3652.3062061373157,-3636.5789988834285,-3623.2163662767503,-3609.1007595570845,-3592.706330530592,-3578.4290120408173,-3563.4301936019174,-3548.67661169071,-3536.3334540049664,-3522.791575378886,-3512.8916139883013,-3501.0725326914317,-3489.099298114249,-3477.97298102664,-3468.439724362686,-3458.727745004694,-3450.056126915777,-3442.89070647836,-3437.526735805156,-3431.481410643898,-3424.1240460349463,-3422.332569575822,-3417.555064728685,-3413.1091626392167,-3409.895920239538,-3404.925654132746,-3402.7762608548173,-3399.7868582358815,-3394.7348753731485,-3390.8640693466464,-3387.181052568974,-3381.5035607569107,-3379.341652288681,-3376.718523568897,-3373.415354539678,-3372.236538699566,-3369.2942849838373

,,,,,,,,,,,,,,,,,,,,,,,,,,,,,,,,,,,,,,,,,,,,,,,,,,,,,,,,,,,,,,
,,,,,,,,,,,,,,,,,,,,,,,,,,,,,,,,,,,,,,,,,,,,,,,,,,,,,,,,,,,,,,
,,,,,,,,,,,,,,,,,,,,,,,,,,,,,,,,,,,,,,,,,,,,,,,,,,,,,,,,,,,,,,
,,,,,,,,,,,,,,,,,,,,,,,,,,,,,,,,,,,,,,,,,,,,,,,,,,,,,,,,,,,,,,
,,,,,,,,,,,,,,,,,,,,,,,,,,,,,,,,,,,,,,,,,,,,,,,,,,,,,,,,,,,,,,
,,,,,,,,,,,,,,,,,,,,,,,,,,,,,,,,,,,,,,,,,,,,,,,,,,,,,,,,,,,,,,
,,,,,,,,,,,,,,,,,,,,,,,,,,,,,,,,,,,,,,,,,,,,,,,,,,,,,,,,,,,,,,
,,,,,,,,,,,,,,,,,,,,,,,,,,,,,,,,,,,,,,,,,,,,,,,,,,,,,,,,,,,,,,
,,,,,,,,,,,,,,,,,,,,,,,,,,,,,,,,,,,,,,,,,,,,,,,,,,,,,,,,,,,,,,
,,,,,,,,,,,,,,,,,,,,,,,,,,,,,,,,,,,,,,,,,,,,,,,,,,,,,,,,,,,,,,
n6,,,,,,,,,,,,,,,,,,,,,,,,,,,,,,,,,,,,,,,,,,,,,,,,,,,,,,,,,,,,,,
,,,,,,,,,,,,,,,,,,,,,,,,,,,,,,,,,,,,,,,,,,,,,,,,,,,,,,,,,,,,,,seed
q_loss,7.343129237492879,10.346481402715048,12.124759594599405,12.677329222361246,12.639425118764242,11.394592126210531,12.390392780303955,11.725547711054483,12.785177230834961,12.39889391263326,11.767338116963705,12.162623405456543,11.246017853418985,11.238508224487305,10.726916551589966,10.739142894744873,11.513814449310303,11.61925752957662,11.950086037317911,12.171886841456095,10.872714678446451,10.468470335006714,10.815589984258017,9.880160649617514,10.901823202768961,9.889714002609253,9.452231168746948,9.841952164967855,10.167775710423788,9.651068687438965,9.598448673884073,9.222968339920044,10.045191844304403,10.029370307922363,9.752120812733969,8.951600551605225,9.026864608128866,9.99284569422404,9.60283088684082,9.330703894297281,9.203171809514364,9.42441733678182,9.377821604410807,8.717111508051554,9.08114504814148,8.554692188898722,8.572290420532227,8.816309293111166,8.728777090708414,8.546449502309164,8.332753499348959,8.045787334442139,8.69150996208191,8.435173511505127,8.420861959457397,8.218437592188517,8.469294230143229,8.34501608212789,8.11637290318807,8.414433479309082,,33
q_loss,9.833905220031738,10.719619353612265,13.927939891815186,14.187997023264566,15.348609924316406,14.296409606933594,11.27004337310791,11.887638966242472,11.51129674911499,12.222498575846354,11.64725653330485,11.09781813621521,12.781179428100586,10.736846923828125,12.785173416137695,11.82969323794047,10.522399187088013,12.094480514526367,10.521087884902954,10.326620896657309,10.76861055692037,10.6793425877889,11.877044200897217,10.395939032236734,10.119056781133017,10.375674724578857,10.283841212590536,10.269898811976114,11.810355186462402,9.604192813237509,9.917757034301758,10.102696259816488,9.957139015197754,9.197359959284464,9.274200916290283,9.211926460266113,10.046081781387329,9.472609917322794,8.710009654362997,9.096251010894775,9.22805666923523,8.20765479405721,9.736403306325277,8.768026431401571,8.825714508692423,8.935917933781942,9.051537036895752,8.408045371373495,8.673386573791504,8.335020462671915,8.464930534362793,8.46611491839091,8.559985160827637,8.335130055745443,8.077020088831583,8.170758644739786,8.021339257558187,8.056217829386393,8.169695297876993,8.473582824071249,,44
,,,,,,,,,,,,,,,,,,,,,,,,,,,,,,,,,,,,,,,,,,,,,,,,,,,,,,,,,,,,,,
,,,,,,,,,,,,,,,,,,,,,,,,,,,,,,,,,,,,,,,,,,,,,,,,,,,,,,,,,,,,,,
,,,,,,,,,,,,,,,,,,,,,,,,,,,,,,,,,,,,,,,,,,,,,,,,,,,,,,,,,,,,,,
,,,,,,,,,,,,,,,,,,,,,,,,,,,,,,,,,,,,,,,,,,,,,,,,,,,,,,,,,,,,,,
,,,,,,,,,,,,,,,,,,,,,,,,,,,,,,,,,,,,,,,,,,,,,,,,,,,,,,,,,,,,,,
,,,,,,,,,,,,,,,,,,,,,,,,,,,,,,,,,,,,,,,,,,,,,,,,,,,,,,,,,,,,,,
,,,,,,,,,,,,,,,,,,,,,,,,,,,,,,,,,,,,,,,,,,,,,,,,,,,,,,,,,,,,,,
,,,,,,,,,,,,,,,,,,,,,,,,,,,,,,,,,,,,,,,,,,,,,,,,,,,,,,,,,,,,,,
,,,,,,,,,,,,,,,,,,,,,,,,,,,,,,,,,,,,,,,,,,,,,,,,,,,,,,,,,,,,,,
,,,,,,,,,,,,,,,,,,,,,,,,,,,,,,,,,,,,,,,,,,,,,,,,,,,,,,,,,,,,,,
n15,,,,,,,,,,,,,,,,,,,,,,,,,,,,,,,,,,,,,,,,,,,,,,,,,,,,,,,,,,,,,,
,,,,,,,,,,,,,,,,,,,,,,,,,,,,,,,,,,,,,,,,,,,,,,,,,,,,,,,,,,,,,,seed
abs,-3547.761951008275,-3413.871440588665,-3119.2269065252276,-3007.4157607985567,-2762.281218720344,-2678.6848726508347,-2627.9651932991155,-2531.01445436766,-2454.111672379288,-2390.989729392034,-2334.449079818757,-2281.2896569307018,-2206.5502257112817,-2175.767197207121,-2153.191031234664,-2111.9834026366448,-2080.2290535153666,-2030.848656623097,-2014.865137094279,-1987.760916937217,-1986.391896020589,-1945.1114355561165,-1924.3620404644032,-1919.412207498911,-1891.6639583019944,-1887.8727416923416,-1877.0481466753417,-1840.1099292016877,-1840.1099292016877,-1832.8839228640031,-1819.1128822155833,-1817.5905850831884,-1794.4824683119823,-1792.980232666281,-1782.1553268829155,-1782.1553268829155,-1782.1553268829155,-1778.6292666063584,-1761.5601552401479,-1761.5601552401479,-1754.073071165365,-1744.5358087363873,-1736.882638008659,-1719.7363413994372,-1719.7363413994372,-1719.7363413994372,-1719.7363413994372,-1719.7363413994372,-1719.7363413994372,-1700.6356891782916,-1700.6356891782916,-1696.112708207952,-1696.112708207952,-1696.112708207952,-1696.112708207952,-1689.7240372950087,-1684.617704803284,-1684.617704803284,-1678.7489081537822,-1678.7489081537822,,33
abs,-3562.941514699623,-3352.5584403267885,-3348.374995285349,-3192.8826371282175,-3094.87722829489,-2920.3476227869423,-2815.4555695407985,-2727.3426191350018,-2663.919776510204,-2563.1389840937954,-2500.8174735072917,-2407.2247064314874,-2317.1752973126504,-2258.6538382332883,-2208.4903404221313,-2164.092840525413,-2101.0565085811895,-2072.8822835120486,-2040.4930440607552,-1989.1906947814896,-1981.6085665815451,-1931.3721629681488,-1896.2916714104958,-1856.9475120539164,-1856.9475120539164,-1849.3780868483373,-1845.5610551135967,-1793.4516549934824,-1793.4379316997615,-1793.4379316997615,-1778.3381220142057,-1776.8872303734543,-1749.0112267857955,-1745.4989644342404,-1745.4989644342404,-1732.0216109619612,-1725.2930054212716,-1708.394799994261,-1703.9360468027635,-1703.9360468027635,-1700.200200513436,-1684.5101242129306,-1670.3848471968363,-1670.3848471968363,-1670.3848471968363,-1662.8386461711643,-1655.8388434315846,-1655.8388434315846,-1646.7834489021484,-1646.7834489021484,-1646.7834489021484,-1645.1034833968658,-1645.1034833968658,-1645.1034833968658,-1631.4220533505843,-1631.4220533505843,-1631.4220533505843,-1631.4220533505843,-1631.4220533505843,-1627.77648469265,,44
abs,-3640.130992056434,-3324.4994384608603,-3247.1905360542128,-3082.810197881664,-2914.0234886728294,-2779.948459109852,-2667.604888093126,-2552.968824881557,-2495.0921798814466,-2451.3445020565973,-2444.552422990325,-2314.7384672272547,-2252.676800675332,-2222.807659388365,-2172.6888888711396,-2132.578628103219,-2085.854369119618,-2064.979580273281,-2042.0625565789096,-2031.6692168274565,-1987.325935237347,-1969.2244082003515,-1951.6986001338366,-1928.9403655920141,-1922.5607436264622,-1915.2933338543398,-1899.3406903255284,-1899.3406903255284,-1883.4623834717283,-1858.8952504219285,-1858.8952504219285,-1841.6700925174266,-1841.6700925174266,-1820.4529210775395,-1816.1347325596596,-1806.2482607419877,-1798.0185345862835,-1798.0185345862835,-1793.6420014364003,-1793.6420014364003,-1751.193430150807,-1751.193430150807,-1743.2791762005213,-1743.2791762005213,-1743.2791762005213,-1741.8654066813165,-1736.6046242214293,-1724.9571560176205,-1724.9571560176205,-1712.0866345685167,-1712.0866345685167,-1712.0866345685167,-1712.0866345685167,-1703.097860196416,-1693.9193928231912,-1693.9193928231912,-1693.9193928231912,-1693.9193928231912,-1693.9193928231912,-1693.9193928231912
,,,,,,,,,,,,,,,,,,,,,,,,,,,,,,,,,,,,,,,,,,,,,,,,,,,,,,,,,,,,,,
,,,,,,,,,,,,,,,,,,,,,,,,,,,,,,,,,,,,,,,,,,,,,,,,,,,,,,,,,,,,,,
,,,,,,,,,,,,,,,,,,,,,,,,,,,,,,,,,,,,,,,,,,,,,,,,,,,,,,,,,,,,,,
,,,,,,,,,,,,,,,,,,,,,,,,,,,,,,,,,,,,,,,,,,,,,,,,,,,,,,,,,,,,,,
,,,,,,,,,,,,,,,,,,,,,,,,,,,,,,,,,,,,,,,,,,,,,,,,,,,,,,,,,,,,,,
,,,,,,,,,,,,,,,,,,,,,,,,,,,,,,,,,,,,,,,,,,,,,,,,,,,,,,,,,,,,,,
,,,,,,,,,,,,,,,,,,,,,,,,,,,,,,,,,,,,,,,,,,,,,,,,,,,,,,,,,,,,,,
,,,,,,,,,,,,,,,,,,,,,,,,,,,,,,,,,,,,,,,,,,,,,,,,,,,,,,,,,,,,,,
,,,,,,,,,,,,,,,,,,,,,,,,,,,,,,,,,,,,,,,,,,,,,,,,,,,,,,,,,,,,,,
,,,,,,,,,,,,,,,,,,,,,,,,,,,,,,,,,,,,,,,,,,,,,,,,,,,,,,,,,,,,,,
n15,,,,,,,,,,,,,,,,,,,,,,,,,,,,,,,,,,,,,,,,,,,,,,,,,,,,,,,,,,,,,,
,,,,,,,,,,,,,,,,,,,,,,,,,,,,,,,,,,,,,,,,,,,,,,,,,,,,,,,,,,,,,,seed
final,-3547.761951008275,-3480.81669579847,-3360.2867660407223,-3272.0690147301807,-3170.1114555282134,-3088.2070250486504,-3022.4581919415737,-2961.027724744835,-2904.7037189264406,-2853.332319973,-2732.0010328540484,-2618.742854488252,-2527.4751864068576,-2444.310330047714,-2383.401311299146,-2326.7311642977265,-2271.957550319352,-2221.9409705448957,-2178.0163170163946,-2137.6934357709133,-2102.887717391096,-2069.2698952536375,-2041.0510767289495,-2015.4155777581286,-1989.2628704648614,-1966.8518043704316,-1946.5337136864287,-1927.4598409442883,-1910.253074483199,-1894.7653750758775,-1878.037473695377,-1865.2853886480843,-1852.2974314328421,-1839.6542339495795,-1828.7033708076713,-1820.174911564073,-1811.2453731499954,-1805.0973068904627,-1796.9735751661385,-1791.1782586835702,-1784.6742775785483,-1777.3687999438685,-1771.608816913536,-1764.2844277868517,-1761.7218908593507,-1754.5302035413679,-1747.9009555777902,-1742.9176739592865,-1739.1142593769455,-1731.6847524909422,-1728.4664919917318,-1723.6241819388888,-1719.978572845332,-1718.0966190778151,-1713.8915130032935,-1709.7967891251415,-1706.1125313155906,-1703.0102225620635,-1698.5325124357682,-1698.3717499466607,,33
final,-3562.941514699623,-3457.7499775132055,-3421.29165010392,-3364.1893968599943,-3310.326963146973,-3245.3304064203016,-3183.919715437515,-3126.847578399701,-3075.411155967535,-3024.1839387801606,-2917.971534660928,-2823.4381612713973,-2720.318191474128,-2626.895311584635,-2538.2566227973593,-2462.6311445712063,-2391.1912384752454,-2325.74520491295,-2263.4025316680054,-2206.0077027367743,-2154.0868120442,-2106.501557697866,-2064.413195107651,-2024.2425624897132,-1989.9285204117543,-1958.4570450440465,-1932.9074996972872,-1904.9644368454306,-1880.2589256093313,-1862.633036236246,-1842.3059917795122,-1826.8574985200426,-1812.1294540575723,-1800.9845992956048,-1789.0031341547788,-1777.267486566141,-1765.2406815969084,-1756.7349960969864,-1747.7848076072867,-1736.9858176413702,-1729.1720254912932,-1719.9343148752407,-1712.071676916345,-1705.5200663163043,-1698.7822498472099,-1691.86395336813,-1684.9185371691615,-1680.180618802448,-1674.4653590123864,-1670.4904382719337,-1665.8551260429952,-1661.9144619613885,-1659.7756133714731,-1657.057686647632,-1652.3841816283573,-1649.5266883187783,-1647.5024617073632,-1644.8719863794825,-1644.9092345135693,-1641.16761358414,,44
final,-3640.130992056434,-3482.315215258647,-3403.9403221905027,-3323.6577911132927,-3241.7309306252,-3164.767185372642,-3093.744000046997,-3026.147103151317,-2967.141000565776,-2915.561350714858,-2796.0034938082467,-2695.0273966848863,-2595.5760231469985,-2509.5757692976686,-2435.4423093175,-2370.7053262168365,-2312.530274319485,-2263.731349858658,-2218.428387528404,-2176.46085900549,-2130.738210230192,-2096.186804327502,-2066.0889842733527,-2036.7022548937173,-2011.6894403692495,-1989.9609109443616,-1971.3095430649525,-1955.7632196276522,-1939.903202316934,-1922.6258056763807,-1910.0998700834202,-1897.344438515128,-1886.9488952209717,-1876.1001507695244,-1865.457549662844,-1854.553042351609,-1844.4208267776844,-1833.767369914589,-1824.7853317110562,-1818.5319282454063,-1807.4446133297129,-1799.1960451108357,-1788.7496460116604,-1781.133937816873,-1773.9468970488865,-1767.5086116428197,-1761.367220606334,-1753.5647584811638,-1746.8560979459646,-1738.4286398262727,-1735.4017914677756,-1730.8715636236127,-1729.0633837936998,-1724.9435859003745,-1719.9090926947142,-1715.8191729544833,-1712.2201116786825,-1709.8145213215673,-1707.878679309498,-1706.4361841907134

,,,,,,,,,,,,,,,,,,,,,,,,,,,,,,,,,,,,,,,,,,,,,,,,,,,,,,,,,,,,,,
,,,,,,,,,,,,,,,,,,,,,,,,,,,,,,,,,,,,,,,,,,,,,,,,,,,,,,,,,,,,,,
,,,,,,,,,,,,,,,,,,,,,,,,,,,,,,,,,,,,,,,,,,,,,,,,,,,,,,,,,,,,,,
,,,,,,,,,,,,,,,,,,,,,,,,,,,,,,,,,,,,,,,,,,,,,,,,,,,,,,,,,,,,,,
,,,,,,,,,,,,,,,,,,,,,,,,,,,,,,,,,,,,,,,,,,,,,,,,,,,,,,,,,,,,,,
,,,,,,,,,,,,,,,,,,,,,,,,,,,,,,,,,,,,,,,,,,,,,,,,,,,,,,,,,,,,,,
,,,,,,,,,,,,,,,,,,,,,,,,,,,,,,,,,,,,,,,,,,,,,,,,,,,,,,,,,,,,,,
,,,,,,,,,,,,,,,,,,,,,,,,,,,,,,,,,,,,,,,,,,,,,,,,,,,,,,,,,,,,,,
,,,,,,,,,,,,,,,,,,,,,,,,,,,,,,,,,,,,,,,,,,,,,,,,,,,,,,,,,,,,,,
,,,,,,,,,,,,,,,,,,,,,,,,,,,,,,,,,,,,,,,,,,,,,,,,,,,,,,,,,,,,,,
n15,,,,,,,,,,,,,,,,,,,,,,,,,,,,,,,,,,,,,,,,,,,,,,,,,,,,,,,,,,,,,,
,,,,,,,,,,,,,,,,,,,,,,,,,,,,,,,,,,,,,,,,,,,,,,,,,,,,,,,,,,,,,,seed
q_loss,3.1394581397374473,3.3476162354151406,2.7193172375361123,2.1472745339075723,1.724386990070343,1.4786514242490132,1.282281110684077,1.1562161445617676,1.078210751215617,1.076229065656662,1.0086363156636555,1.0056791007518768,0.9997657636801401,0.9832094510396322,0.948098361492157,0.9791522026062012,0.9863601326942444,0.9891972045103709,0.9887851576010386,1.0180080433686574,0.976789782444636,1.0098584691683452,0.9843216439088186,1.0345258216063182,0.9267660975456238,0.9111977020899454,0.9232184688250223,0.979868878920873,0.9218539595603943,0.93022820353508,0.8829736510912577,0.923999011516571,0.9371464749177297,0.8912830054759979,0.8859819571177164,0.8867962757746378,0.883670578400294,0.8896990517775217,0.8895368774731954,0.9133768975734711,0.8954127828280131,0.8707616130510966,0.8555355270703634,0.8023075759410858,0.8634355167547861,0.8037929534912109,0.8214534024397532,0.812111367781957,0.8212435940901438,0.8365918596585592,0.8170792460441589,0.8197581569353739,0.8411294917265574,0.8601464231808981,0.8581782380739847,0.8681010107199351,0.8541705310344696,0.8455836574236552,0.8557140727837881,0.815842866897583,,33
q_loss,2.034129877885183,2.0672314365704856,2.3532559474309287,2.3803953329722085,2.2888185580571494,2.1418368816375732,1.9147601922353108,1.619870662689209,1.52908859650294,1.418397178252538,1.434495359659195,1.2442017495632172,1.264830122391383,1.17428923646609,1.0559335847695668,1.0654754837354024,1.0610986749331157,1.0007039209206898,0.9598428110281626,0.9664094746112823,1.0460149943828583,0.9698853890101115,0.9548677305380503,0.9672279059886932,0.9281139473120371,0.9655620753765106,0.9463883936405182,0.930116722981135,0.9303664366404215,0.9194993277390798,0.944344679514567,0.9026408493518829,0.8997838000456492,0.8904075920581818,0.8889493445555369,0.8772771060466766,0.8933657904465994,0.9120695193608602,0.8824470937252045,0.8566038807233175,0.8562781314055125,0.8736938138802847,0.8128919502099355,0.7677697042624155,0.7913883924484253,0.7697362105051676,0.7698006828625997,0.7462487717469534,0.7630120019117991,0.7584507763385773,0.7349454065163931,0.7381462752819061,0.749904622634252,0.7634299496809641,0.7609979212284088,0.7530017197132111,0.7678264677524567,0.7580586075782776,0.738871177037557,0.7678488393624624,,44

,,,,,,,,,,,,,,,,,,,,,,,,,,,,,,,,,,,,,,,,,,,,,,,,,,,,,,,,,,,,,,
,,,,,,,,,,,,,,,,,,,,,,,,,,,,,,,,,,,,,,,,,,,,,,,,,,,,,,,,,,,,,,
,,,,,,,,,,,,,,,,,,,,,,,,,,,,,,,,,,,,,,,,,,,,,,,,,,,,,,,,,,,,,,
,,,,,,,,,,,,,,,,,,,,,,,,,,,,,,,,,,,,,,,,,,,,,,,,,,,,,,,,,,,,,,
,,,,,,,,,,,,,,,,,,,,,,,,,,,,,,,,,,,,,,,,,,,,,,,,,,,,,,,,,,,,,,
,,,,,,,,,,,,,,,,,,,,,,,,,,,,,,,,,,,,,,,,,,,,,,,,,,,,,,,,,,,,,,
,,,,,,,,,,,,,,,,,,,,,,,,,,,,,,,,,,,,,,,,,,,,,,,,,,,,,,,,,,,,,,
,,,,,,,,,,,,,,,,,,,,,,,,,,,,,,,,,,,,,,,,,,,,,,,,,,,,,,,,,,,,,,
,,,,,,,,,,,,,,,,,,,,,,,,,,,,,,,,,,,,,,,,,,,,,,,,,,,,,,,,,,,,,,
,,,,,,,,,,,,,,,,,,,,,,,,,,,,,,,,,,,,,,,,,,,,,,,,,,,,,,,,,,,,,,
n30,,,,,,,,,,,,,,,,,,,,,,,,,,,,,,,,,,,,,,,,,,,,,,,,,,,,,,,,,,,,,,
,,,,,,,,,,,,,,,,,,,,,,,,,,,,,,,,,,,,,,,,,,,,,,,,,,,,,,,,,,,,,,seed
abs,-13514.087276624501,-13514.087276624501,-13514.087276624501,-13514.087276624501,-13454.831253205866,-13010.508129000951,-12774.52496334909,-12535.402188959453,-12291.300604114846,-12261.634411117364,-11743.790320910204,-11648.755447748004,-11408.449741983648,-11408.449741983648,-11225.764452773314,-11216.977122541268,-11216.977122541268,-11041.803213317755,-10979.63598620821,-10966.065037901844,-10895.27235461486,-10879.754907524713,-10769.835520317198,-10744.298461270828,-10682.747933822664,-10626.814966237194,-10626.814966237194,-10607.124254338856,-10517.259624651399,-10508.411806804417,-10412.558062641427,-10371.016617728434,-10371.016617728434,-10371.016617728434,-10319.55805378861,-10248.40724142722,-10248.40724142722,-10195.162454529805,-10195.162454529805,-10195.162454529805,-10159.3693797533,-10111.978344788593,-10111.978344788593,-10089.7575012083,-10073.116059360613,-10067.24103458716,-10034.267459102228,-10021.493213516971,-9953.900404074351,-9926.548825225516,-9926.548825225516,-9909.01448579722,-9898.458169635122,-9889.458963457324,-9849.815341578118,-9844.36038994341,-9818.329949713267,-9818.329949713267,-9818.329949713267,-9818.329949713267,,33
abs,-13930.559188167252,-13930.559188167252,-12895.262480482303,-12895.262480482303,-12895.262480482303,-12895.262480482303,-12845.040745402888,-12845.040745402888,-12502.434173469499,-12287.684445370169,-12244.847648714245,-12118.030133258142,-12102.336142538445,-11822.820662946626,-11805.103542714223,-11805.103542714223,-11805.103542714223,-11805.103542714223,-11798.417589209363,-11742.372557481416,-11735.868828144072,-11375.885779288881,-11375.885779288881,-11305.286183556587,-11205.176778103012,-11154.141152539365,-11091.956749648194,-10960.669688361872,-10857.300228532005,-10785.065559780793,-10710.677477763711,-10626.717010486607,-10586.563796233237,-10554.880525574563,-10505.235154327165,-10412.849516365233,-10402.611978012283,-10365.018873326619,-10313.579651495553,-10245.650885178993,-10245.650885178993,-10183.23176104504,-10134.416724966113,-10134.338213853385,-10103.227561661644,-10093.977725609024,-10020.9900930497,-9956.065444857044,-9956.065444857044,-9956.065444857044,-9954.1893288117,-9918.668763383537,-9918.668763383537,-9918.668763383537,-9897.349186145018,-9872.636963520583,-9872.636963520583,-9872.636963520583,-9867.336757980667,-9867.336757980667,,44
abs,-13891.806741261164,-13155.28689224247,-13033.668475035522,-13026.743550577372,-12726.59258968294,-12726.59258968294,-12726.59258968294,-12705.689068333228,-12705.689068333228,-12623.132385407009,-12490.228052736995,-12490.228052736995,-12353.992710194121,-12161.598534106075,-12095.346832735713,-12095.346832735713,-11907.199917800735,-11853.741418515596,-11848.045865165679,-11454.268870510936,-11410.096540659226,-11256.81989665422,-11256.81989665422,-11256.81989665422,-11150.494991230918,-11150.494991230918,-11072.373317744248,-11007.025179483886,-10833.31376034644,-10833.31376034644,-10833.31376034644,-10833.31376034644,-10833.31376034644,-10830.949174395013,-10802.763728324826,-10802.763728324826,-10765.286825014546,-10654.132268138614,-10650.252509539969,-10608.17157886633,-10553.09687225601,-10511.403024146979,-10469.239896729321,-10465.9820178627,-10401.934385739381,-10375.580812295653,-10375.580812295653,-10330.353060122537,-10310.823220680606,-10310.823220680606,-10280.560201962593,-10280.560201962593,-10272.177350775257,-10272.177350775257,-10214.081128763615,-10214.081128763615,-10214.081128763615,-10214.081128763615,-10196.15700404617,-10166.755441094443

,,,,,,,,,,,,,,,,,,,,,,,,,,,,,,,,,,,,,,,,,,,,,,,,,,,,,,,,,,,,,,
,,,,,,,,,,,,,,,,,,,,,,,,,,,,,,,,,,,,,,,,,,,,,,,,,,,,,,,,,,,,,,
,,,,,,,,,,,,,,,,,,,,,,,,,,,,,,,,,,,,,,,,,,,,,,,,,,,,,,,,,,,,,,
,,,,,,,,,,,,,,,,,,,,,,,,,,,,,,,,,,,,,,,,,,,,,,,,,,,,,,,,,,,,,,
,,,,,,,,,,,,,,,,,,,,,,,,,,,,,,,,,,,,,,,,,,,,,,,,,,,,,,,,,,,,,,
,,,,,,,,,,,,,,,,,,,,,,,,,,,,,,,,,,,,,,,,,,,,,,,,,,,,,,,,,,,,,,
,,,,,,,,,,,,,,,,,,,,,,,,,,,,,,,,,,,,,,,,,,,,,,,,,,,,,,,,,,,,,,
,,,,,,,,,,,,,,,,,,,,,,,,,,,,,,,,,,,,,,,,,,,,,,,,,,,,,,,,,,,,,,
,,,,,,,,,,,,,,,,,,,,,,,,,,,,,,,,,,,,,,,,,,,,,,,,,,,,,,,,,,,,,,
,,,,,,,,,,,,,,,,,,,,,,,,,,,,,,,,,,,,,,,,,,,,,,,,,,,,,,,,,,,,,,
n30,,,,,,,,,,,,,,,,,,,,,,,,,,,,,,,,,,,,,,,,,,,,,,,,,,,,,,,,,,,,,,
,,,,,,,,,,,,,,,,,,,,,,,,,,,,,,,,,,,,,,,,,,,,,,,,,,,,,,,,,,,,,,seed
final,-13514.087276624501,-13640.575832425387,-13782.21870264205,-13733.32155242224,-13677.623492578965,-13566.437598649296,-13453.307222177838,-13338.56909302554,-13222.20592759102,-13126.148775943653,-12949.119080372224,-12737.288186324395,-12471.582716215222,-12256.680496042181,-12033.773815998928,-11854.420715352959,-11702.599135538805,-11553.239237974634,-11422.07277618397,-11292.515838862419,-11207.664042232884,-11130.763988210554,-11066.902566043907,-10997.571622167752,-10943.269970272688,-10884.25375464228,-10822.28779009233,-10778.81989419444,-10732.582258038758,-10686.816934929016,-10638.545505731674,-10587.671676752045,-10551.536340753977,-10517.534239386132,-10481.215251382728,-10443.374478901731,-10405.902716180944,-10364.70653620004,-10332.993506974193,-10304.347541133942,-10279.028672845132,-10253.124845551147,-10225.88757485453,-10194.435580216123,-10169.791380773324,-10151.674760089318,-10128.908316749523,-10111.54139264824,-10086.91849981638,-10057.37816749874,-10035.697814638814,-10015.401428739677,-9991.63630036615,-9971.606446591051,-9949.276374812802,-9926.988310348428,-9905.394559409531,-9888.75839174375,-9878.413129573792,-9868.622637591961,,33
final,-13930.559188167252,-14290.867700074348,-13825.665960210332,-13652.109939364074,-13534.891788607603,-13448.641641294844,-13362.412941881707,-13307.110036025719,-13217.701606852806,-13124.699890704544,-12956.128736759241,-12702.814128886912,-12623.521495092526,-12492.659373704659,-12366.567809417907,-12265.158842958504,-12193.021248968831,-12099.388792298196,-12028.987133872182,-11974.455945083306,-11923.558063026288,-11849.343627629361,-11778.799418476852,-11727.045970537849,-11667.053294076726,-11582.137285316963,-11478.966479731167,-11376.666935734609,-11282.555199666876,-11186.824499896813,-11084.305364858776,-11009.388487978551,-10928.355462500538,-10853.314896702337,-10783.320734324752,-10709.191570707339,-10640.257093543745,-10580.692012040221,-10526.319954336577,-10472.378486876398,-10427.365383557773,-10383.016858613617,-10337.802151486901,-10295.747920314785,-10255.547161048233,-10223.65998197261,-10185.497793476356,-10144.602450629396,-10113.63448953636,-10086.409386532468,-10055.773674955894,-10029.317375189741,-10009.57702050673,-9990.29317761423,-9969.705340062568,-9947.571263853722,-9933.000998763971,-9927.571992728514,-9913.915664470062,-9906.55872439349,,44
final,-13891.806741261164,-13523.546816751816,-13360.254036179716,-13276.87641477913,-13166.819649759893,-13126.71408911603,-13085.027409367887,-13037.610116738557,-13021.97091898842,-12982.087065630278,-12841.92919677786,-12778.889875672994,-12710.922299188853,-12624.407797541722,-12561.283221847001,-12481.877262891872,-12389.106521584046,-12303.91175660228,-12199.030609420117,-12082.14425793051,-11974.131106722733,-11847.323728268775,-11753.701564993758,-11672.63426441747,-11578.149080266989,-11481.592490181789,-11398.10983017614,-11313.438206272967,-11211.964995791044,-11164.597205001643,-11118.833643787113,-11086.850331171132,-11034.686272292047,-10982.68863689723,-10947.915510606621,-10914.85260490398,-10884.14395563101,-10848.854664496483,-10830.548539415835,-10793.306601040777,-10753.370195414984,-10710.81182078024,-10668.122761587863,-10631.626045934632,-10591.543111676086,-10545.508019058949,-10507.336801496062,-10474.958880694454,-10441.015951808518,-10414.33140073829,-10387.07773370895,-10364.062120322304,-10344.355865726895,-10325.911283237929,-10307.125957540351,-10293.082138884392,-10277.36640089368,-10266.760310875972,-10255.293689212529,-10237.836626505568


,,,,,,,,,,,,,,,,,,,,,,,,,,,,,,,,,,,,,,,,,,,,,,,,,,,,,,,,,,,,,,
,,,,,,,,,,,,,,,,,,,,,,,,,,,,,,,,,,,,,,,,,,,,,,,,,,,,,,,,,,,,,,
,,,,,,,,,,,,,,,,,,,,,,,,,,,,,,,,,,,,,,,,,,,,,,,,,,,,,,,,,,,,,,
,,,,,,,,,,,,,,,,,,,,,,,,,,,,,,,,,,,,,,,,,,,,,,,,,,,,,,,,,,,,,,
,,,,,,,,,,,,,,,,,,,,,,,,,,,,,,,,,,,,,,,,,,,,,,,,,,,,,,,,,,,,,,
,,,,,,,,,,,,,,,,,,,,,,,,,,,,,,,,,,,,,,,,,,,,,,,,,,,,,,,,,,,,,,
,,,,,,,,,,,,,,,,,,,,,,,,,,,,,,,,,,,,,,,,,,,,,,,,,,,,,,,,,,,,,,
,,,,,,,,,,,,,,,,,,,,,,,,,,,,,,,,,,,,,,,,,,,,,,,,,,,,,,,,,,,,,,
,,,,,,,,,,,,,,,,,,,,,,,,,,,,,,,,,,,,,,,,,,,,,,,,,,,,,,,,,,,,,,
,,,,,,,,,,,,,,,,,,,,,,,,,,,,,,,,,,,,,,,,,,,,,,,,,,,,,,,,,,,,,,
n30,,,,,,,,,,,,,,,,,,,,,,,,,,,,,,,,,,,,,,,,,,,,,,,,,,,,,,,,,,,,,,
,,,,,,,,,,,,,,,,,,,,,,,,,,,,,,,,,,,,,,,,,,,,,,,,,,,,,,,,,,,,,,seed
q_loss,7.2066850662231445,6.614433606465657,6.9623769124348955,5.9297042687733965,5.700015068054199,4.997431516647339,4.66605285803477,4.251731276512146,4.053147554397583,3.991761883099874,3.587226986885071,3.508503715197245,3.424643635749817,3.1391661167144775,3.202781836191813,2.8886799414952598,2.8342423836390176,2.674682915210724,2.6850516398747764,2.535326341787974,2.536876857280731,2.4598532716433206,2.399354795614878,2.384260416030884,2.388204832871755,2.102633853753408,2.286245584487915,2.221705158551534,2.124119440714518,2.1716136733690896,2.177099903424581,2.131578048070272,1.9981690645217896,1.9868677059809368,2.0473747849464417,2.0140953858693442,1.9415560762087505,1.9691755970319111,1.9654260675112407,1.8832903107007344,1.8034210602442424,1.8169353206952412,1.7481479446093242,1.6691523591677349,1.5998103022575378,1.539569874604543,1.5397342046101887,1.5372535785039265,1.4970651964346569,1.4313024282455444,1.3621991376082103,1.3579354186852772,1.3534264465173085,1.3600783745447795,1.3238970736662548,1.3172005613644917,1.3366552690664928,1.256067415078481,1.2807503243287404,1.244124044974645,,33
q_loss,5.0261499881744385,5.750583648681641,6.03762674331665,5.7336353460947675,5.386699954668681,4.824804226557414,4.506662885348002,4.319322347640991,4.087721943855286,3.7381397485733032,3.6999691327412925,3.43434476852417,3.387894550959269,3.4052740732828775,3.2735131978988647,3.6817582845687866,3.369403918584188,3.151408632596334,2.9738739331563315,2.8642114400863647,2.8662643829981485,2.9635849396387735,2.8816336194674173,2.7723511457443237,2.6877246697743735,2.5880244175593057,2.550643781820933,2.543514629205068,2.66854727268219,2.584014137585958,2.4503304759661355,2.409274637699127,2.4034534295399985,2.3626627326011658,2.3603968421618142,2.3081567684809365,2.2480523387591043,2.2114826242129006,2.242653707663218,2.2619956731796265,2.1802025039990744,2.158187429110209,2.006922721862793,2.049958427747091,1.9117943048477173,1.9042139450709026,1.8824915488560994,1.863283892472585,1.787558376789093,1.754007617632548,1.7135926882425945,1.735556463400523,1.6724305152893066,1.6379249493281047,1.5756745139757793,1.5098984042803447,1.5595249931017559,1.5607135494550068,1.5297077894210815,1.4570208589235942,,44
,,,,,,,,,,,,,,,,,,,,,,,,,,,,,,,,,,,,,,,,,,,,,,,,,,,,,,,,,,,,,,
,,,,,,,,,,,,,,,,,,,,,,,,,,,,,,,,,,,,,,,,,,,,,,,,,,,,,,,,,,,,,,
,,,,,,,,,,,,,,,,,,,,,,,,,,,,,,,,,,,,,,,,,,,,,,,,,,,,,,,,,,,,,,
,,,,,,,,,,,,,,,,,,,,,,,,,,,,,,,,,,,,,,,,,,,,,,,,,,,,,,,,,,,,,,
,,,,,,,,,,,,,,,,,,,,,,,,,,,,,,,,,,,,,,,,,,,,,,,,,,,,,,,,,,,,,,
,,,,,,,,,,,,,,,,,,,,,,,,,,,,,,,,,,,,,,,,,,,,,,,,,,,,,,,,,,,,,,
,,,,,,,,,,,,,,,,,,,,,,,,,,,,,,,,,,,,,,,,,,,,,,,,,,,,,,,,,,,,,,
,,,,,,,,,,,,,,,,,,,,,,,,,,,,,,,,,,,,,,,,,,,,,,,,,,,,,,,,,,,,,,
,,,,,,,,,,,,,,,,,,,,,,,,,,,,,,,,,,,,,,,,,,,,,,,,,,,,,,,,,,,,,,
,,,,,,,,,,,,,,,,,,,,,,,,,,,,,,,,,,,,,,,,,,,,,,,,,,,,,,,,,,,,,,
n100,,,,,,,,,,,,,,,,,,,,,,,,,,,,,,,,,,,,,,,,,,,,,,,,,,,,,,,,,,,,,,
,,,,,,,,,,,,,,,,,,,,,,,,,,,,,,,,,,,,,,,,,,,,,,,,,,,,,,,,,,,,,,seed
abs,-140074.23023884092,-140074.23023884092,-140074.23023884092,-140074.23023884092,-130456.14666342389,-130456.14666342389,-129923.76749622764,-127688.47021873199,-125763.02666926918,-125396.08298943641,-123895.38019991791,-123616.6182132777,-123616.6182132777,-123584.41392526226,-123441.44323199369,-123298.29907814717,-122218.22925011878,-121499.30334542862,-121499.30334542862,-120981.11777034769,-120554.14309264891,-120554.14309264891,-119815.34818530943,-119431.67116972448,-118803.96238832881,-118546.01519356617,-118238.61414781076,-117587.3852053475,-117347.1111012575,-116608.43125064754,-116318.3366534909,-115347.91560648978,-114774.08101529008,-113666.64202659197,-113470.03390058059,-113111.8828128212,-112459.97991695341,-112282.94271648454,-111043.9613317831,-110540.34336261018,-109549.12250801039,-108738.65003354152,-108004.8917242638,-108004.8917242638,-106564.43812354984,-105497.05410730737,-104587.51851444693,-103151.843992141,-101910.60029120816,-100695.40557315444,-99316.72456455285,-98018.6939493139,-96598.86066634278,-95653.6249632985,-94379.71811486654,-93624.7026601434,-93055.37620432007,-92688.03951833535,-92254.48616132721,-92117.3613062245,,33
abs,-157042.05766758567,-133002.48661265636,-133002.48661265636,-133002.48661265636,-133002.48661265636,-133002.48661265636,-133002.48661265636,-133002.48661265636,-133002.48661265636,-133002.48661265636,-133002.48661265636,-133002.48661265636,-132345.5198543976,-131383.84143672648,-131308.43492324947,-131308.43492324947,-131308.43492324947,-131308.43492324947,-131308.43492324947,-130362.67182529952,-127831.35658217833,-125179.89155247333,-122355.50032975394,-120673.63935640705,-119539.05462193325,-117385.15326295125,-115543.1021124591,-112956.57988948748,-110301.03852737746,-106915.93212489481,-105627.00570835387,-104437.07620205045,-103453.23216452416,-102614.10337344176,-101745.82640894696,-100414.36275929684,-99473.66495704932,-98556.70794998524,-97615.63890071578,-97112.8391446811,-95736.15829694564,-94829.4105246467,-93710.43317647907,-93223.16724794765,-92584.68341643117,-92286.5296835107,-91857.64343622436,-91587.51050943472,-91229.12631394189,-90796.53258926871,-90463.90610333925,-90131.75185789164,-89942.89186569114,-89294.97091112706,-89252.5843498097,-88912.7565411925,-88858.71469959611,-88723.91679731668,-88566.31434093982,-88566.31434093982,,44
abs,-132324.69101953082,-130826.7040055099,-128149.18031072435,-126038.03642488095,-125510.81777206427,-125505.02703398418,-124971.54306390494,-124589.59307452613,-124119.3648818843,-123481.62350497287,-122934.38067704684,-122252.79279178253,-121977.96838185773,-121977.96838185773,-121977.96838185773,-121977.96838185773,-121977.96838185773,-121977.96838185773
,,,,,,,,,,,,,,,,,,,,,,,,,,,,,,,,,,,,,,,,,,,,,,,,,,,,,,,,,,,,,,
,,,,,,,,,,,,,,,,,,,,,,,,,,,,,,,,,,,,,,,,,,,,,,,,,,,,,,,,,,,,,,
,,,,,,,,,,,,,,,,,,,,,,,,,,,,,,,,,,,,,,,,,,,,,,,,,,,,,,,,,,,,,,
,,,,,,,,,,,,,,,,,,,,,,,,,,,,,,,,,,,,,,,,,,,,,,,,,,,,,,,,,,,,,,
,,,,,,,,,,,,,,,,,,,,,,,,,,,,,,,,,,,,,,,,,,,,,,,,,,,,,,,,,,,,,,
,,,,,,,,,,,,,,,,,,,,,,,,,,,,,,,,,,,,,,,,,,,,,,,,,,,,,,,,,,,,,,
,,,,,,,,,,,,,,,,,,,,,,,,,,,,,,,,,,,,,,,,,,,,,,,,,,,,,,,,,,,,,,
,,,,,,,,,,,,,,,,,,,,,,,,,,,,,,,,,,,,,,,,,,,,,,,,,,,,,,,,,,,,,,
,,,,,,,,,,,,,,,,,,,,,,,,,,,,,,,,,,,,,,,,,,,,,,,,,,,,,,,,,,,,,,
,,,,,,,,,,,,,,,,,,,,,,,,,,,,,,,,,,,,,,,,,,,,,,,,,,,,,,,,,,,,,,
n100,,,,,,,,,,,,,,,,,,,,,,,,,,,,,,,,,,,,,,,,,,,,,,,,,,,,,,,,,,,,,,
,,,,,,,,,,,,,,,,,,,,,,,,,,,,,,,,,,,,,,,,,,,,,,,,,,,,,,,,,,,,,,seed
final,-140074.23023884092,-140719.6073617522,-141756.73828143612,-141756.41961876466,-139496.3650276965,-138284.03264730514,-137089.70905429407,-135914.5541998488,-134786.60669645105,-133847.55432574957,-132229.6693218573,-130454.83269471873,-128478.56934474446,-126661.46437419564,-125959.99403105261,-125067.58686433251,-124297.03303972166,-123678.11635239128,-123275.55276484633,-122834.05624293745,-122499.93253221056,-122223.71983526926,-121798.4179916941,-121383.14371614033,-120919.39563177383,-120444.16724331575,-120046.20573308493,-119655.01391907684,-119215.9859498206,-118778.71729785061,-118355.13665393484,-117804.47909019729,-117300.35237319535,-116723.84945888209,-116190.45661010726,-115647.04337203279,-115069.17994894704,-114538.73570006076,-113908.42072311332,-113301.61193430956,-112624.69051976153,-111963.76396246669,-111286.84503336406,-111930.94990523835,-111240.3903275353,-110478.9074569839,-109691.66131673327,-108778.5514442989,-107865.21534024141,-106880.72156129582,-105857.48176695008,-104785.48615852732,-103644.88305273523,-101199.47647453158,-99981.00447366326,-98793.76932894684,-97640.55509793416,-96594.1746505536,-95628.5632375655,-94770.75881087252,,33
final,-157042.05766758567,-145022.27214012103,-142759.57065875258,-142577.0558726862,-142471.05377861203,-141595.0384506058,-140747.91648128146,-140027.82643672905,-139384.78131283334,-138916.35032722168,-136681.868343208,-136769.9403472675,-136181.07556310567,-135116.5085553296,-134042.647507423,-133589.99041578136,-133318.09620626894,-133084.1884069467,-132846.17198926586,-132412.39202612414,-131725.80390159704,-130855.4723915193,-129856.47043905493,-128785.45023102299,-127608.51220089136,-126078.18843777067,-124337.87439199549,-122368.72056778024,-120212.79880603208,-117868.1248359916,-115647.68974860916,-113573.40821356687,-111683.1813970439,-109877.22779874736,-108097.90497744872,-106400.8259270833,-104793.88221154231,-103353.89501759209,-102085.35505492592,-101105.04575690455,-100115.96101576372,-99155.19444802334,-98180.91454921884,-97241.82093666944,-96325.70663741785,-95512.92332983922,-94751.32117775673,-94054.40143370169,-93415.75017502431,-92784.11951948307,-92256.89430012243,-91787.12843344692,-91410.37430236813,-91017.55466868608,-90684.34476202392,-90346.9674477921,-90047.07457412928,-89760.71520291746,-89494.43400561727,-89278.77915173022,,44
final,-132324.69101953082,-131575.69751252036,-130433.5251119217,-129334.65294016151,-128569.88590654207,-128059.07609444909,-127617.9999472285,-127239.44908814068,-126892.7730652233,-126551.65810919825,-125612.62707494987,-124755.23595357714,-124138.11476069049,-123842.67880155184,-123656.74130819245,-123481.0987102893,-123310.40644717214,-123185.57530585644
,,,,,,,,,,,,,,,,,,,,,,,,,,,,,,,,,,,,,,,,,,,,,,,,,,,,,,,,,,,,,,
,,,,,,,,,,,,,,,,,,,,,,,,,,,,,,,,,,,,,,,,,,,,,,,,,,,,,,,,,,,,,,
,,,,,,,,,,,,,,,,,,,,,,,,,,,,,,,,,,,,,,,,,,,,,,,,,,,,,,,,,,,,,,
,,,,,,,,,,,,,,,,,,,,,,,,,,,,,,,,,,,,,,,,,,,,,,,,,,,,,,,,,,,,,,
,,,,,,,,,,,,,,,,,,,,,,,,,,,,,,,,,,,,,,,,,,,,,,,,,,,,,,,,,,,,,,
,,,,,,,,,,,,,,,,,,,,,,,,,,,,,,,,,,,,,,,,,,,,,,,,,,,,,,,,,,,,,,
,,,,,,,,,,,,,,,,,,,,,,,,,,,,,,,,,,,,,,,,,,,,,,,,,,,,,,,,,,,,,,
,,,,,,,,,,,,,,,,,,,,,,,,,,,,,,,,,,,,,,,,,,,,,,,,,,,,,,,,,,,,,,
,,,,,,,,,,,,,,,,,,,,,,,,,,,,,,,,,,,,,,,,,,,,,,,,,,,,,,,,,,,,,,
,,,,,,,,,,,,,,,,,,,,,,,,,,,,,,,,,,,,,,,,,,,,,,,,,,,,,,,,,,,,,,
n100,,,,,,,,,,,,,,,,,,,,,,,,,,,,,,,,,,,,,,,,,,,,,,,,,,,,,,,,,,,,,,
,,,,,,,,,,,,,,,,,,,,,,,,,,,,,,,,,,,,,,,,,,,,,,,,,,,,,,,,,,,,,,seed
q_loss,40.417490323384605,23.471354166666668,16.27826150258382,13.578302701314291,12.559290091196695,12.933863639831543,11.313622633616129,11.726662874221802,11.551992495854696,11.305653731028238,10.92597500483195,11.119512796401978,10.099113941192627,9.489594141642252,8.60214869181315,9.138520876566568,8.405441761016846,7.931854724884033,7.447489102681478,7.274516661961873,7.2389607429504395,7.047400077184041,6.96100910504659,6.6444469292958575,6.341560999552409,6.612061182657878,6.176581223805745,6.4554065863291425,6.1437828540802,6.276749451955159,6.0377717812856035,6.390565792719523,6.059749921162923,6.200652122497559,6.033330202102661,6.281925757726033,6.398214975992839,6.557281414667766,6.613767147064209,6.594464540481567,6.460118532180786,6.318722486495972,6.42696229616801,8.007767995198568,6.554603338241577,6.707862218221028,6.8415946165720625,7.078413327534993,7.03946574529012,7.025163332621257,7.311877330144246,7.504255771636963,7.263300100962321,7.7293115456899,7.803674697875977,7.776358127593994,7.996695041656494,7.938146670659383,7.813804944356282,8.240108966827393,,33
q_loss,59.4750181833903,63.28024419148763,44.24986902872721,31.25161012013753,24.401630719502766,20.421509265899658,18.8550968170166,16.255985577901203,15.55373732248942,14.484778563181559,14.002477010091146,13.093058745066324,12.710164705912272,13.179563522338867,12.968586921691895,12.725468635559082,12.011792182922363,11.623260100682577,11.312811930974325,10.872048695882162,10.819258689880371,10.384216070175171,10.594093958536783,10.682286977767944,10.30343739191691,10.273277441660563,10.46480162938436,10.440192222595215,10.050387303034464,10.646674950917562,10.235103368759155,10.520255247751871,10.629367431004843,10.067071835199991,10.258874575297037,9.671168168385824,9.750976006189982,9.16736888885498,9.157465934753418,8.728407780329386,8.378705422083536,7.579923311869304,7.241844256718953,7.272180398305257,6.976509094238281,6.7234030564626055,6.673052469889323,6.595762570699056,6.35181204477946,6.3924667040507,6.200745900472005,6.489159901936849,6.188692013422648,6.217770417531331,6.268052816390991,6.0661881764729815,6.4033316771189375,6.05933674176534,5.918861150741577,6.067536433537801,,44
,,,,,,,,,,,,,,,,,,,,,,,,,,,,,,,,,,,,,,,,,,,,,,,,,,,,,,,,,,,,,,
,,,,,,,,,,,,,,,,,,,,,,,,,,,,,,,,,,,,,,,,,,,,,,,,,,,,,,,,,,,,,,
,,,,,,,,,,,,,,,,,,,,,,,,,,,,,,,,,,,,,,,,,,,,,,,,,,,,,,,,,,,,,,
,,,,,,,,,,,,,,,,,,,,,,,,,,,,,,,,,,,,,,,,,,,,,,,,,,,,,,,,,,,,,,
,,,,,,,,,,,,,,,,,,,,,,,,,,,,,,,,,,,,,,,,,,,,,,,,,,,,,,,,,,,,,,
,,,,,,,,,,,,,,,,,,,,,,,,,,,,,,,,,,,,,,,,,,,,,,,,,,,,,,,,,,,,,,
,,,,,,,,,,,,,,,,,,,,,,,,,,,,,,,,,,,,,,,,,,,,,,,,,,,,,,,,,,,,,,
,,,,,,,,,,,,,,,,,,,,,,,,,,,,,,,,,,,,,,,,,,,,,,,,,,,,,,,,,,,,,,
,,,,,,,,,,,,,,,,,,,,,,,,,,,,,,,,,,,,,,,,,,,,,,,,,,,,,,,,,,,,,,
,,,,,,,,,,,,,,,,,,,,,,,,,,,,,,,,,,,,,,,,,,,,,,,,,,,,,,,,,,,,,,
n200,,,,,,,,,,,,,,,,,,,,,,,,,,,,,,,,,,,,,,,,,,,,,,,,,,,,,,,,,,,,,,
,,,,,,,,,,,,,,,,,,,,,,,,,,,,,,,,,,,,,,,,,,,,,,,,,,,,,,,,,,,,,,seed
abs,-608217.4668214803,-562334.7684148438,-536676.4907802775,-536676.4907802775,-536676.4907802775,-536676.4907802775,-536676.4907802775,-520469.71278078604,-518731.348848338,-513486.0403049936,-513486.0403049936,-510554.2680805814,-509084.3510863588,-504895.9003384845,-503164.3765432017,-503164.3765432017,-502203.1225111081,-501224.629570395,-500044.45207242266,-499247.1210992134,-498402.4712723619,-498402.4712723619,-497733.5009756363,-497733.5009756363,-497733.5009756363,-497733.5009756363,-497733.5009756363,-497733.5009756363,-497733.5009756363,-497733.5009756363,-497733.5009756363,-497733.5009756363,-497733.5009756363,-497733.5009756363,-497655.8234861101,-497655.8234861101,-497655.8234861101,-497655.8234861101,-497589.5152841494,-497499.57281381846,-497224.4945234289,-497224.4945234289,-496960.8991248956,-496710.5597516495,-496676.7834903406,-496493.27473590255,-496493.27473590255,-496493.27473590255,-496493.27473590255,-496493.27473590255,-496232.67178034567,-496145.02644370997,-496145.02644370997,-496145.02644370997,-496145.02644370997,-495989.3439511973,-495989.3439511973,-495904.6348147123,-495904.6348147123,-495860.8447564458,,33
abs,-540848.5346159718,-540848.5346159718,-540848.5346159718,-540848.5346159718,-540848.5346159718,-536533.7457433747,-536533.7457433747,-536533.7457433747,-536533.7457433747,-535740.6068612275,-535740.6068612275,-535740.6068612275,-535740.6068612275,-535740.6068612275,-535740.6068612275,-531133.3223723503,-526233.0655303863,-525619.2107005765,-525619.2107005765,-517027.8314609135,-511440.2402368125,-511440.2402368125,-511440.2402368125,-511440.2402368125,-511440.2402368125,-511440.2402368125,-511440.2402368125,-511440.2402368125,-511440.2402368125,-511440.2402368125,-511440.2402368125,-511440.2402368125,-511440.2402368125,-507333.3337171262,-499196.50127214775,-496808.3450049973,-495377.31276824244,-495377.31276824244,-494598.89463061275,-493351.73511716473,-490573.11799159367,-490573.11799159367,-490573.11799159367,-490573.11799159367,-490573.11799159367,-490573.11799159367,-488499.02122540155,-487047.87871999765,-486374.39783750294,-484045.9608929886,-482420.51577693765,-481186.8091061028,-479704.1741162873,-478940.77249763266,-478056.10890821577,-477643.7828335124,-477471.7922481806,-476449.0797810672,-475939.4486724939,-475886.99196913745,,44
abs,-539339.8590794929,-539339.8590794929,-539339.8590794929,-539339.8590794929,-521630.37066213344,-521630.37066213344,-521630.37066213344,-514590.4333246332,-514590.4333246332,-514581.4002281939,-512624.28542172146,-507992.5212638925,-502784.86905646033,-502784.86905646033,-499083.02564562345,-495801.53022524423,-493375.23922084924,-493071.29669647774,-493071.29669647774,-493071.29669647774,-493071.29669647774,-493071.29669647774,-493071.29669647774,-493071.29669647774,-493071.29669647774,-493071.29669647774,-493071.29669647774,-493071.29669647774,-493071.29669647774,-493071.29669647774,-493071.29669647774,-493071.29669647774,-493071.29669647774,-492486.54388870584,-492486.54388870584,-492486.54388870584,-492486.54388870584,-492486.54388870584,-492486.54388870584,-492486.54388870584,-487856.9497559168,-486683.0703955686,-486683.0703955686,-486683.0703955686,-486683.0703955686,-486331.70590361394,-485242.8724747529,-484692.4234257817,-484692.4234257817,-484692.4234257817,-484692.4234257817,-484692.4234257817,-484692.4234257817,-483928.10368308355,-483911.05491601425,-482576.7608619795,-482576.7608619795,-482576.7608619795,-482576.7608619795,-482576.7608619795
,,,,,,,,,,,,,,,,,,,,,,,,,,,,,,,,,,,,,,,,,,,,,,,,,,,,,,,,,,,,,,
,,,,,,,,,,,,,,,,,,,,,,,,,,,,,,,,,,,,,,,,,,,,,,,,,,,,,,,,,,,,,,
,,,,,,,,,,,,,,,,,,,,,,,,,,,,,,,,,,,,,,,,,,,,,,,,,,,,,,,,,,,,,,
,,,,,,,,,,,,,,,,,,,,,,,,,,,,,,,,,,,,,,,,,,,,,,,,,,,,,,,,,,,,,,
,,,,,,,,,,,,,,,,,,,,,,,,,,,,,,,,,,,,,,,,,,,,,,,,,,,,,,,,,,,,,,
,,,,,,,,,,,,,,,,,,,,,,,,,,,,,,,,,,,,,,,,,,,,,,,,,,,,,,,,,,,,,,
,,,,,,,,,,,,,,,,,,,,,,,,,,,,,,,,,,,,,,,,,,,,,,,,,,,,,,,,,,,,,,
,,,,,,,,,,,,,,,,,,,,,,,,,,,,,,,,,,,,,,,,,,,,,,,,,,,,,,,,,,,,,,
,,,,,,,,,,,,,,,,,,,,,,,,,,,,,,,,,,,,,,,,,,,,,,,,,,,,,,,,,,,,,,
,,,,,,,,,,,,,,,,,,,,,,,,,,,,,,,,,,,,,,,,,,,,,,,,,,,,,,,,,,,,,,
n200,,,,,,,,,,,,,,,,,,,,,,,,,,,,,,,,,,,,,,,,,,,,,,,,,,,,,,,,,,,,,,
,,,,,,,,,,,,,,,,,,,,,,,,,,,,,,,,,,,,,,,,,,,,,,,,,,,,,,,,,,,,,,seed
final,-608217.4668214803,-585276.1176181621,-569076.2420055339,-563427.1788220168,-560365.5796268985,-556844.7693356237,-554523.4505576418,-550266.7333355348,-546762.8017258462,-543435.125583761,-534076.0820588686,-528898.0320254423,-526138.8180560505,-521980.4091627525,-517484.92853243015,-513942.1698545382,-510102.928316674,-508178.41999563493,-506309.7303180434,-504885.8383974653,-503263.38236744574,-502054.04148609424,-500918.9564750221,-503841.8961739015,-507966.72129226336,-511787.56422911363,-515315.8708805594,-515035.0113433826,-514853.2970625744,-514776.2801370438,-514730.087292948,-514673.44319472165,-514687.55455908587,-511053.47267478536,-506377.79225071444,-501944.6391433318,-497983.9187303301,-497908.59307928674,-497844.81368126755,-497747.0757782587,-497675.4709474614,-497626.140581894,-497534.7690324557,-497427.37715919316,-497329.4731596162,-497209.79769370565,-497107.96643968346,-497013.95241970726,-496916.44442221924,-496841.5740638172,-496742.39178950887,-496616.7829709669,-496547.4804476765,-496497.24883707595,-496448.0976191844,-496397.70454071386,-496310.58082113415,-496228.78055376216,-496160.89881484245,-496071.89636750706,,33
final,-540848.5346159718,-548360.5356009449,-563573.5983775854,-561125.0452095789,-562562.5578364303,-558224.4224875877,-557136.391137832,-554978.7917147584,-553070.1121973606,-551337.1616637473,-551418.9667101708,-550068.145255592,-545167.9633361159,-544643.387950046,-541864.8086277222,-541324.7662906197,-538887.2525397288,-537461.6140344619,-536432.1403956928,-534560.8628556614,-531538.2283713222,-528923.6876877217,-525926.5413813593,-522530.4690171471,-520402.53368508944,-519344.6385300752,-518660.9070475581,-518243.99227236386,-517051.5618187937,-517155.44350456184,-517577.52161678625,-517352.46658407606,-517256.84216591826,-516532.8847173569,-514527.7886645696,-512153.1860828485,-509751.34228915133,-507208.0776287631,-505109.8035783457,-502638.3122582026,-500129.5219214563,-497888.82925495814,-495915.62754408026,-494640.7219366442,-494081.3913996216,-493461.5196108421,-492773.690456558,-491876.7366940825,-491054.28701477154,-490123.7095923539,-489308.44937088835,-488270.9864602946,-486807.5858337109,-485243.2353191975,-483688.526619827,-482391.94219145796,-481289.21929373575,-480229.33939984284,-479185.8444833419,-478369.94759095676,,44
final,-539339.8590794929,-596459.7837700883,-600084.2150850686,-588809.3358568127,-575373.5428178769,-567426.2239494501,-562252.1547826861,-556294.4396004295,-552649.0957151578,-548842.3261664615,-546170.7688006843,-531612.0500810051,-521157.22921514825,-515967.42576075764,-513712.6912591066,-510523.88132089947,-506740.6312647741,-504588.71760195855,-502056.03302954714,-500429.8423113921,-499016.0061931022,-498070.1305931532,-497405.4158923517,-496586.4998323952,-496172.56630434917,-496131.0636694247,-496432.6986767195,-496675.5236547659,-496277.6153860761,-496065.5846634062,-495720.9345265579,-495401.9156565638,-495184.6741793618,-494943.578265375,-494778.60132000595,-494594.492586261,-494247.18955189374,-494008.50753559463,-493922.98230182426,-493625.0413075114,-492906.793996069,-492040.7433791797,-491427.80759381235,-491003.6150794537,-490426.3368134495,-489704.96574995585,-488937.3971024188,-488095.3668136019,-487267.2198452687,-486535.1357767014,-486295.162560049,-486154.5906291902,-485852.0238648164,-485420.37235861283,-485059.364025071,-484683.86952090764,-484439.3449138524,-484285.2607893452,-484069.6991769707,-483750.6036555973
,,,,,,,,,,,,,,,,,,,,,,,,,,,,,,,,,,,,,,,,,,,,,,,,,,,,,,,,,,,,,,
,,,,,,,,,,,,,,,,,,,,,,,,,,,,,,,,,,,,,,,,,,,,,,,,,,,,,,,,,,,,,,
,,,,,,,,,,,,,,,,,,,,,,,,,,,,,,,,,,,,,,,,,,,,,,,,,,,,,,,,,,,,,,
,,,,,,,,,,,,,,,,,,,,,,,,,,,,,,,,,,,,,,,,,,,,,,,,,,,,,,,,,,,,,,
,,,,,,,,,,,,,,,,,,,,,,,,,,,,,,,,,,,,,,,,,,,,,,,,,,,,,,,,,,,,,,
,,,,,,,,,,,,,,,,,,,,,,,,,,,,,,,,,,,,,,,,,,,,,,,,,,,,,,,,,,,,,,
,,,,,,,,,,,,,,,,,,,,,,,,,,,,,,,,,,,,,,,,,,,,,,,,,,,,,,,,,,,,,,
,,,,,,,,,,,,,,,,,,,,,,,,,,,,,,,,,,,,,,,,,,,,,,,,,,,,,,,,,,,,,,
,,,,,,,,,,,,,,,,,,,,,,,,,,,,,,,,,,,,,,,,,,,,,,,,,,,,,,,,,,,,,,
,,,,,,,,,,,,,,,,,,,,,,,,,,,,,,,,,,,,,,,,,,,,,,,,,,,,,,,,,,,,,,
n200,,,,,,,,,,,,,,,,,,,,,,,,,,,,,,,,,,,,,,,,,,,,,,,,,,,,,,,,,,,,,,
,,,,,,,,,,,,,,,,,,,,,,,,,,,,,,,,,,,,,,,,,,,,,,,,,,,,,,,,,,,,,,seed
q_loss,216.35982513427734,249.48057556152344,104.97815450032552,66.1681334177653,50.12174415588379,41.31336498260498,36.36072572072347,31.169021288553875,31.165066401163738,29.577099164326984,27.15312957763672,26.904922485351562,24.389909744262695,22.229458649953205,21.613319714864094,20.12550226847331,18.99776029586792,19.50968885421753,18.92329200108846,18.2025564511617,17.36042022705078,16.816527525583904,16.214778741200764,19.962523619333904,21.93548806508382,22.20895512898763,21.40281391143799,18.713543732961018,17.51099093755086,17.03468386332194,16.19106388092041,16.385588963826496,15.6058931350708,15.779755115509033,16.021125316619873,15.106932163238525,15.284889856974283,14.785315036773682,15.111510435740152,14.325785954793295,14.254936377207438,12.722855885823568,12.38248062133789,12.153658707936605,11.778952598571777,11.494439681371054,11.657435576121012,11.81174373626709,11.418037255605062,11.663221756617228,11.275130271911621,11.30165402094523,11.064429680506388,11.007901509602865,11.423999468485514,11.241394281387329,11.139092286427816,11.513895511627197,11.316669940948486,11.90903870264689,,33
q_loss,123.35047022501628,117.8455416361491,133.48831685384116,112.64106114705403,77.89622433980306,70.32065391540527,60.21978632609049,52.86677360534668,47.49396642049154,42.21745204925537,41.350954373677574,38.39949893951416,36.41858037312826,35.059935887654625,32.50363222757975,32.6154727935791,32.25229835510254,30.52177906036377,28.07457097371419,29.470179557800293,27.37787405649821,26.015389442443848,26.386882464090984,26.107691129048664,26.618323008219402,25.56942335764567,25.828860918680828,23.186945915222168,23.813966433207195,22.56234312057495,22.647815386454266,23.263351758321125,22.702264308929443,21.412121772766113,22.00688584645589,22.386163393656414,21.667112509409588,20.974913756052654,21.331188519795734,19.92476447423299,19.162246068318684,18.487322330474854,18.018276532491047,17.3870948155721,16.875875155131023,16.71342372894287,16.108638445536297,15.8154509862264,15.873294671376547,15.626290321350098,15.662373224894205,15.462115605672201,15.292379061381022,15.484487851460775,14.980892976125082,15.14053471883138,15.115251541137695,15.012702147165934,14.51438045501709,14.935789585113525,,44