n3,,,,,,,,,,,,,,,,,,,,,,,,,,,,,,,,,,,,,,,,,,,,,,,,,,,,,,,,,,,,,,seed
abs,-290.009797618419,-289.009797618419,-288.009797618419,-287.009797618419,-286.009797618419,-285.009797618419,-284.009797618419,-283.009797618419,-282.009797618419,-281.009797618419,-280.009797618419,-279.009797618419,-278.009797618419,-277.009797618419,-276.009797618419,-275.009797618419,-274.009797618419,-273.009797618419,-272.009797618419,-271.009797618419,-270.009797618419,-269.009797618419,-268.009797618419,-267.009797618419,-266.009797618419,-265.009797618419,-264.009797618419,-263.009797618419,-262.009797618419,-261.009797618419,-260.009797618419,-259.009797618419,-258.009797618419,-257.009797618419,-256.009797618419,-255.009797618419,-254.009797618419,-253.009797618419,-252.009797618419,-251.009797618419,-250.009797618419,-249.009797618419,-248.009797618419,-247.009797618419,-246.009797618419,-245.009797618419,-244.009797618419,-243.009797618419,-242.009797618419,-241.009797618419,-240.009797618419,-239.009797618419,-238.009797618419,-237.009797618419,-236.009797618419,-235.009797618419,-234.009797618419,-233.009797618419,-232.009797618419,-231.009797618419,,9
abs,-304.585762500442,-303.585762500442,-302.585762500442,-301.585762500442,-300.585762500442,-299.585762500442,-298.585762500442,-297.585762500442,-296.585762500442,-295.585762500442,-294.585762500442,-293.585762500442,-292.585762500442,-291.585762500442,-290.585762500442,-289.585762500442,-288.585762500442,-287.585762500442,-286.585762500442,-285.585762500442,-284.585762500442,-283.585762500442,-282.585762500442,-281.585762500442,-280.585762500442,-279.585762500442,-278.585762500442,-277.585762500442,-276.585762500442,-275.585762500442,-274.585762500442,-273.585762500442,-272.585762500442,-271.585762500442,-270.585762500442,-269.585762500442,-268.585762500442,-267.585762500442,-266.585762500442,-265.585762500442,-264.585762500442,-263.585762500442,-262.585762500442,-261.585762500442,-260.585762500442,-259.585762500442,-258.585762500442,-257.585762500442,-256.585762500442,-255.585762500442,-254.585762500442,-253.585762500442,-252.585762500442,-251.585762500442,-250.585762500442,-249.585762500442,-248.585762500442,-247.585762500442,-246.585762500442,-245.585762500442,,42
abs,-296.89392720262,-295.89392720262,-294.89392720262,-293.89392720262,-292.89392720262,-291.89392720262,-290.89392720262,-289.89392720262,-288.89392720262,-287.89392720262,-286.89392720262,-285.89392720262,-284.89392720262,-283.89392720262,-282.89392720262,-281.89392720262,-280.89392720262,-279.89392720262,-278.89392720262,-277.89392720262,-276.89392720262,-275.89392720262,-274.89392720262,-273.89392720262,-272.89392720262,-271.89392720262,-270.89392720262,-269.89392720262,-268.89392720262,-267.89392720262,-266.89392720262,-265.89392720262,-264.89392720262,-263.89392720262,-262.89392720262,-261.89392720262,-260.89392720262,-259.89392720262,-258.89392720262,-257.89392720262,-256.89392720262,-255.89392720262,-254.89392720262,-253.89392720262,-252.89392720262,-251.89392720262,-250.89392720262,-249.89392720262,-248.89392720262,-247.89392720262,-246.89392720262,-245.89392720262,-244.89392720262,-243.89392720262,-242.89392720262,-241.89392720262,-240.89392720262,-239.89392720262,-238.89392720262,-237.89392720262,,58
,-297.163162440494,-296.163162440494,-295.163162440494,-294.163162440494,-293.163162440494,-292.163162440494,-291.163162440494,-290.163162440494,-289.163162440494,-288.163162440494,-287.163162440494,-286.163162440494,-285.163162440494,-284.163162440494,-283.163162440494,-282.163162440494,-281.163162440494,-280.163162440494,-279.163162440494,-278.163162440494,-277.163162440494,-276.163162440494,-275.163162440494,-274.163162440494,-273.163162440494,-272.163162440494,-271.163162440494,-270.163162440494,-269.163162440494,-268.163162440494,-267.163162440494,-266.163162440494,-265.163162440494,-264.163162440494,-263.163162440494,-262.163162440494,-261.163162440494,-260.163162440494,-259.163162440494,-258.163162440494,-257.163162440494,-256.163162440494,-255.163162440494,-254.163162440494,-253.163162440494,-252.163162440494,-251.163162440494,-250.163162440494,-249.163162440494,-248.163162440494,-247.163162440494,-246.163162440494,-245.163162440494,-244.163162440494,-243.163162440494,-242.163162440494,-241.163162440494,-240.163162440494,-239.163162440494,-238.163162440494,,
,,,,,,,,,,,,,,,,,,,,,,,,,,,,,,,,,,,,,,,,,,,,,,,,,,,,,,,,,,,,,,
,,,,,,,,,,,,,,,,,,,,,,,,,,,,,,,,,,,,,,,,,,,,,,,,,,,,,,,,,,,,,,
,,,,,,,,,,,,,,,,,,,,,,,,,,,,,,,,,,,,,,,,,,,,,,,,,,,,,,,,,,,,,,
,,,,,,,,,,,,,,,,,,,,,,,,,,,,,,,,,,,,,,,,,,,,,,,,,,,,,,,,,,,,,,
,,,,,,,,,,,,,,,,,,,,,,,,,,,,,,,,,,,,,,,,,,,,,,,,,,,,,,,,,,,,,,
,,,,,,,,,,,,,,,,,,,,,,,,,,,,,,,,,,,,,,,,,,,,,,,,,,,,,,,,,,,,,,
,,,,,,,,,,,,,,,,,,,,,,,,,,,,,,,,,,,,,,,,,,,,,,,,,,,,,,,,,,,,,,
,,,,,,,,,,,,,,,,,,,,,,,,,,,,,,,,,,,,,,,,,,,,,,,,,,,,,,,,,,,,,,
,,,,,,,,,,,,,,,,,,,,,,,,,,,,,,,,,,,,,,,,,,,,,,,,,,,,,,,,,,,,,,
,,,,,,,,,,,,,,,,,,,,,,,,,,,,,,,,,,,,,,,,,,,,,,,,,,,,,,,,,,,,,,
,,,,,,,,,,,,,,,,,,,,,,,,,,,,,,,,,,,,,,,,,,,,,,,,,,,,,,,,,,,,,,
n6,,,,,,,,,,,,,,,,,,,,,,,,,,,,,,,,,,,,,,,,,,,,,,,,,,,,,,,,,,,,,,
,,,,,,,,,,,,,,,,,,,,,,,,,,,,,,,,,,,,,,,,,,,,,,,,,,,,,,,,,,,,,,seed
abs,-3361.54853657574,-3360.54853657574,-3359.54853657574,-3358.54853657574,-3357.54853657574,-3356.54853657574,-3355.54853657574,-3354.54853657574,-3353.54853657574,-3352.54853657574,-3351.54853657574,-3350.54853657574,-3349.54853657574,-3348.54853657574,-3347.54853657574,-3346.54853657574,-3345.54853657574,-3344.54853657574,-3343.54853657574,-3342.54853657574,-3341.54853657574,-3340.54853657574,-3339.54853657574,-3338.54853657574,-3337.54853657574,-3336.54853657574,-3335.54853657574,-3334.54853657574,-3333.54853657574,-3332.54853657574,-3331.54853657574,-3330.54853657574,-3329.54853657574,-3328.54853657574,-3327.54853657574,-3326.54853657574,-3325.54853657574,-3324.54853657574,-3323.54853657574,-3322.54853657574,-3321.54853657574,-3320.54853657574,-3319.54853657574,-3318.54853657574,-3317.54853657574,-3316.54853657574,-3315.54853657574,-3314.54853657574,-3313.54853657574,-3312.54853657574,-3311.54853657574,-3310.54853657574,-3309.54853657574,-3308.54853657574,-3307.54853657574,-3306.54853657574,-3305.54853657574,-3304.54853657574,-3303.54853657574,-3302.54853657574,,9
abs,-3455.60410566094,-3454.60410566094,-3453.60410566094,-3452.60410566094,-3451.60410566094,-3450.60410566094,-3449.60410566094,-3448.60410566094,-3447.60410566094,-3446.60410566094,-3445.60410566094,-3444.60410566094,-3443.60410566094,-3442.60410566094,-3441.60410566094,-3440.60410566094,-3439.60410566094,-3438.60410566094,-3437.60410566094,-3436.60410566094,-3435.60410566094,-3434.60410566094,-3433.60410566094,-3432.60410566094,-3431.60410566094,-3430.60410566094,-3429.60410566094,-3428.60410566094,-3427.60410566094,-3426.60410566094,-3425.60410566094,-3424.60410566094,-3423.60410566094,-3422.60410566094,-3421.60410566094,-3420.60410566094,-3419.60410566094,-3418.60410566094,-3417.60410566094,-3416.60410566094,-3415.60410566094,-3414.60410566094,-3413.60410566094,-3412.60410566094,-3411.60410566094,-3410.60410566094,-3409.60410566094,-3408.60410566094,-3407.60410566094,-3406.60410566094,-3405.60410566094,-3404.60410566094,-3403.60410566094,-3402.60410566094,-3401.60410566094,-3400.60410566094,-3399.60410566094,-3398.60410566094,-3397.60410566094,-3396.60410566094,,42
abs,-3394.30509056794,-3393.30509056794,-3392.30509056794,-3391.30509056794,-3390.30509056794,-3389.30509056794,-3388.30509056794,-3387.30509056794,-3386.30509056794,-3385.30509056794,-3384.30509056794,-3383.30509056794,-3382.30509056794,-3381.30509056794,-3380.30509056794,-3379.30509056794,-3378.30509056794,-3377.30509056794,-3376.30509056794,-3375.30509056794,-3374.30509056794,-3373.30509056794,-3372.30509056794,-3371.30509056794,-3370.30509056794,-3369.30509056794,-3368.30509056794,-3367.30509056794,-3366.30509056794,-3365.30509056794,-3364.30509056794,-3363.30509056794,-3362.30509056794,-3361.30509056794,-3360.30509056794,-3359.30509056794,-3358.30509056794,-3357.30509056794,-3356.30509056794,-3355.30509056794,-3354.30509056794,-3353.30509056794,-3352.30509056794,-3351.30509056794,-3350.30509056794,-3349.30509056794,-3348.30509056794,-3347.30509056794,-3346.30509056794,-3345.30509056794,-3344.30509056794,-3343.30509056794,-3342.30509056794,-3341.30509056794,-3340.30509056794,-3339.30509056794,-3338.30509056794,-3337.30509056794,-3336.30509056794,-3335.30509056794,,58
,-3403.81924426821,-3402.81924426821,-3401.81924426821,-3400.81924426821,-3399.81924426821,-3398.81924426821,-3397.81924426821,-3396.81924426821,-3395.81924426821,-3394.81924426821,-3393.81924426821,-3392.81924426821,-3391.81924426821,-3390.81924426821,-3389.81924426821,-3388.81924426821,-3387.81924426821,-3386.81924426821,-3385.81924426821,-3384.81924426821,-3383.81924426821,-3382.81924426821,-3381.81924426821,-3380.81924426821,-3379.81924426821,-3378.81924426821,-3377.81924426821,-3376.81924426821,-3375.81924426821,-3374.81924426821,-3373.81924426821,-3372.81924426821,-3371.81924426821,-3370.81924426821,-3369.81924426821,-3368.81924426821,-3367.81924426821,-3366.81924426821,-3365.81924426821,-3364.81924426821,-3363.81924426821,-3362.81924426821,-3361.81924426821,-3360.81924426821,-3359.81924426821,-3358.81924426821,-3357.81924426821,-3356.81924426821,-3355.81924426821,-3354.81924426821,-3353.81924426821,-3352.81924426821,-3351.81924426821,-3350.81924426821,-3349.81924426821,-3348.81924426821,-3347.81924426821,-3346.81924426821,-3345.81924426821,-3344.81924426821,,
,,,,,,,,,,,,,,,,,,,,,,,,,,,,,,,,,,,,,,,,,,,,,,,,,,,,,,,,,,,,,,
,,,,,,,,,,,,,,,,,,,,,,,,,,,,,,,,,,,,,,,,,,,,,,,,,,,,,,,,,,,,,,
,,,,,,,,,,,,,,,,,,,,,,,,,,,,,,,,,,,,,,,,,,,,,,,,,,,,,,,,,,,,,,
,,,,,,,,,,,,,,,,,,,,,,,,,,,,,,,,,,,,,,,,,,,,,,,,,,,,,,,,,,,,,,
,,,,,,,,,,,,,,,,,,,,,,,,,,,,,,,,,,,,,,,,,,,,,,,,,,,,,,,,,,,,,,
,,,,,,,,,,,,,,,,,,,,,,,,,,,,,,,,,,,,,,,,,,,,,,,,,,,,,,,,,,,,,,
,,,,,,,,,,,,,,,,,,,,,,,,,,,,,,,,,,,,,,,,,,,,,,,,,,,,,,,,,,,,,,
,,,,,,,,,,,,,,,,,,,,,,,,,,,,,,,,,,,,,,,,,,,,,,,,,,,,,,,,,,,,,,
,,,,,,,,,,,,,,,,,,,,,,,,,,,,,,,,,,,,,,,,,,,,,,,,,,,,,,,,,,,,,,
,,,,,,,,,,,,,,,,,,,,,,,,,,,,,,,,,,,,,,,,,,,,,,,,,,,,,,,,,,,,,,
,,,,,,,,,,,,,,,,,,,,,,,,,,,,,,,,,,,,,,,,,,,,,,,,,,,,,,,,,,,,,,
n15,,,,,,,,,,,,,,,,,,,,,,,,,,,,,,,,,,,,,,,,,,,,,,,,,,,,,,,,,,,,,,
,,,,,,,,,,,,,,,,,,,,,,,,,,,,,,,,,,,,,,,,,,,,,,,,,,,,,,,,,,,,,,seed
abs,-3439.25728819326,-3438.25728819326,-3437.25728819326,-3436.25728819326,-3435.25728819326,-3434.25728819326,-3433.25728819326,-3432.25728819326,-3431.25728819326,-3430.25728819326,-3429.25728819326,-3428.25728819326,-3427.25728819326,-3426.25728819326,-3425.25728819326,-3424.25728819326,-3423.25728819326,-3422.25728819326,-3421.25728819326,-3420.25728819326,-3419.25728819326,-3418.25728819326,-3417.25728819326,-3416.25728819326,-3415.25728819326,-3414.25728819326,-3413.25728819326,-3412.25728819326,-3411.25728819326,-3410.25728819326,-3409.25728819326,-3408.25728819326,-3407.25728819326,-3406.25728819326,-3405.25728819326,-3404.25728819326,-3403.25728819326,-3402.25728819326,-3401.25728819326,-3400.25728819326,-3399.25728819326,-3398.25728819326,-3397.25728819326,-3396.25728819326,-3395.25728819326,-3394.25728819326,-3393.25728819326,-3392.25728819326,-3391.25728819326,-3390.25728819326,-3389.25728819326,-3388.25728819326,-3387.25728819326,-3386.25728819326,-3385.25728819326,-3384.25728819326,-3383.25728819326,-3382.25728819326,-3381.25728819326,-3380.25728819326,,9
abs,-3486.94847804733,-3485.94847804733,-3484.94847804733,-3483.94847804733,-3482.94847804733,-3481.94847804733,-3480.94847804733,-3479.94847804733,-3478.94847804733,-3477.94847804733,-3476.94847804733,-3475.94847804733,-3474.94847804733,-3473.94847804733,-3472.94847804733,-3471.94847804733,-3470.94847804733,-3469.94847804733,-3468.94847804733,-3467.94847804733,-3466.94847804733,-3465.94847804733,-3464.94847804733,-3463.94847804733,-3462.94847804733,-3461.94847804733,-3460.94847804733,-3459.94847804733,-3458.94847804733,-3457.94847804733,-3456.94847804733,-3455.94847804733,-3454.94847804733,-3453.94847804733,-3452.94847804733,-3451.94847804733,-3450.94847804733,-3449.94847804733,-3448.94847804733,-3447.94847804733,-3446.94847804733,-3445.94847804733,-3444.94847804733,-3443.94847804733,-3442.94847804733,-3441.94847804733,-3440.94847804733,-3439.94847804733,-3438.94847804733,-3437.94847804733,-3436.94847804733,-3435.94847804733,-3434.94847804733,-3433.94847804733,-3432.94847804733,-3431.94847804733,-3430.94847804733,-3429.94847804733,-3428.94847804733,-3427.94847804733,,42
abs,-3872.17772508577,-3871.17772508577,-3870.17772508577,-3869.17772508577,-3868.17772508577,-3867.17772508577,-3866.17772508577,-3865.17772508577,-3864.17772508577,-3863.17772508577,-3862.17772508577,-3861.17772508577,-3860.17772508577,-3859.17772508577,-3858.17772508577,-3857.17772508577,-3856.17772508577,-3855.17772508577,-3854.17772508577,-3853.17772508577,-3852.17772508577,-3851.17772508577,-3850.17772508577,-3849.17772508577,-3848.17772508577,-3847.17772508577,-3846.17772508577,-3845.17772508577,-3844.17772508577,-3843.17772508577,-3842.17772508577,-3841.17772508577,-3840.17772508577,-3839.17772508577,-3838.17772508577,-3837.17772508577,-3836.17772508577,-3835.17772508577,-3834.17772508577,-3833.17772508577,-3832.17772508577,-3831.17772508577,-3830.17772508577,-3829.17772508577,-3828.17772508577,-3827.17772508577,-3826.17772508577,-3825.17772508577,-3824.17772508577,-3823.17772508577,-3822.17772508577,-3821.17772508577,-3820.17772508577,-3819.17772508577,-3818.17772508577,-3817.17772508577,-3816.17772508577,-3815.17772508577,-3814.17772508577,-3813.17772508577,,58
,-3599.46116377545,-3598.46116377545,-3597.46116377545,-3596.46116377545,-3595.46116377545,-3594.46116377545,-3593.46116377545,-3592.46116377545,-3591.46116377545,-3590.46116377545,-3589.46116377545,-3588.46116377545,-3587.46116377545,-3586.46116377545,-3585.46116377545,-3584.46116377545,-3583.46116377545,-3582.46116377545,-3581.46116377545,-3580.46116377545,-3579.46116377545,-3578.46116377545,-3577.46116377545,-3576.46116377545,-3575.46116377545,-3574.46116377545,-3573.46116377545,-3572.46116377545,-3571.46116377545,-3570.46116377545,-3569.46116377545,-3568.46116377545,-3567.46116377545,-3566.46116377545,-3565.46116377545,-3564.46116377545,-3563.46116377545,-3562.46116377545,-3561.46116377545,-3560.46116377545,-3559.46116377545,-3558.46116377545,-3557.46116377545,-3556.46116377545,-3555.46116377545,-3554.46116377545,-3553.46116377545,-3552.46116377545,-3551.46116377545,-3550.46116377545,-3549.46116377545,-3548.46116377545,-3547.46116377545,-3546.46116377545,-3545.46116377545,-3544.46116377545,-3543.46116377545,-3542.46116377545,-3541.46116377545,-3540.46116377545,,
,,,,,,,,,,,,,,,,,,,,,,,,,,,,,,,,,,,,,,,,,,,,,,,,,,,,,,,,,,,,,,
,,,,,,,,,,,,,,,,,,,,,,,,,,,,,,,,,,,,,,,,,,,,,,,,,,,,,,,,,,,,,,
,,,,,,,,,,,,,,,,,,,,,,,,,,,,,,,,,,,,,,,,,,,,,,,,,,,,,,,,,,,,,,
,,,,,,,,,,,,,,,,,,,,,,,,,,,,,,,,,,,,,,,,,,,,,,,,,,,,,,,,,,,,,,
,,,,,,,,,,,,,,,,,,,,,,,,,,,,,,,,,,,,,,,,,,,,,,,,,,,,,,,,,,,,,,
,,,,,,,,,,,,,,,,,,,,,,,,,,,,,,,,,,,,,,,,,,,,,,,,,,,,,,,,,,,,,,
,,,,,,,,,,,,,,,,,,,,,,,,,,,,,,,,,,,,,,,,,,,,,,,,,,,,,,,,,,,,,,
,,,,,,,,,,,,,,,,,,,,,,,,,,,,,,,,,,,,,,,,,,,,,,,,,,,,,,,,,,,,,,
,,,,,,,,,,,,,,,,,,,,,,,,,,,,,,,,,,,,,,,,,,,,,,,,,,,,,,,,,,,,,,
,,,,,,,,,,,,,,,,,,,,,,,,,,,,,,,,,,,,,,,,,,,,,,,,,,,,,,,,,,,,,,
,,,,,,,,,,,,,,,,,,,,,,,,,,,,,,,,,,,,,,,,,,,,,,,,,,,,,,,,,,,,,,
,,,,,,,,,,,,,,,,,,,,,,,,,,,,,,,,,,,,,,,,,,,,,,,,,,,,,,,,,,,,,,
n30,,,,,,,,,,,,,,,,,,,,,,,,,,,,,,,,,,,,,,,,,,,,,,,,,,,,,,,,,,,,,,
,,,,,,,,,,,,,,,,,,,,,,,,,,,,,,,,,,,,,,,,,,,,,,,,,,,,,,,,,,,,,,seed
abs,-9855.86666819448,-9854.86666819448,-9853.86666819448,-9852.86666819448,-9851.86666819448,-9850.86666819448,-9849.86666819448,-9848.86666819448,-9847.86666819448,-9846.86666819448,-9845.86666819448,-9844.86666819448,-9843.86666819448,-9842.86666819448,-9841.86666819448,-9840.86666819448,-9839.86666819448,-9838.86666819448,-9837.86666819448,-9836.86666819448,-9835.86666819448,-9834.86666819448,-9833.86666819448,-9832.86666819448,-9831.86666819448,-9830.86666819448,-9829.86666819448,-9828.86666819448,-9827.86666819448,-9826.86666819448,-9825.86666819448,-9824.86666819448,-9823.86666819448,-9822.86666819448,-9821.86666819448,-9820.86666819448,-9819.86666819448,-9818.86666819448,-9817.86666819448,-9816.86666819448,-9815.86666819448,-9814.86666819448,-9813.86666819448,-9812.86666819448,-9811.86666819448,-9810.86666819448,-9809.86666819448,-9808.86666819448,-9807.86666819448,-9806.86666819448,-9805.86666819448,-9804.86666819448,-9803.86666819448,-9802.86666819448,-9801.86666819448,-9800.86666819448,-9799.86666819448,-9798.86666819448,-9797.86666819448,-9796.86666819448,,
abs,-10105.0582260115,-10104.0582260115,-10103.0582260115,-10102.0582260115,-10101.0582260115,-10100.0582260115,-10099.0582260115,-10098.0582260115,-10097.0582260115,-10096.0582260115,-10095.0582260115,-10094.0582260115,-10093.0582260115,-10092.0582260115,-10091.0582260115,-10090.0582260115,-10089.0582260115,-10088.0582260115,-10087.0582260115,-10086.0582260115,-10085.0582260115,-10084.0582260115,-10083.0582260115,-10082.0582260115,-10081.0582260115,-10080.0582260115,-10079.0582260115,-10078.0582260115,-10077.0582260115,-10076.0582260115,-10075.0582260115,-10074.0582260115,-10073.0582260115,-10072.0582260115,-10071.0582260115,-10070.0582260115,-10069.0582260115,-10068.0582260115,-10067.0582260115,-10066.0582260115,-10065.0582260115,-10064.0582260115,-10063.0582260115,-10062.0582260115,-10061.0582260115,-10060.0582260115,-10059.0582260115,-10058.0582260115,-10057.0582260115,-10056.0582260115,-10055.0582260115,-10054.0582260115,-10053.0582260115,-10052.0582260115,-10051.0582260115,-10050.0582260115,-10049.0582260115,-10048.0582260115,-10047.0582260115,-10046.0582260115,,
abs,-10142.9350138169,-10141.9350138169,-10140.9350138169,-10139.9350138169,-10138.9350138169,-10137.9350138169,-10136.9350138169,-10135.9350138169,-10134.9350138169,-10133.9350138169,-10132.9350138169,-10131.9350138169,-10130.9350138169,-10129.9350138169,-10128.9350138169,-10127.9350138169,-10126.9350138169,-10125.9350138169,-10124.9350138169,-10123.9350138169,-10122.9350138169,-10121.9350138169,-10120.9350138169,-10119.9350138169,-10118.9350138169,-10117.9350138169,-10116.9350138169,-10115.9350138169,-10114.9350138169,-10113.9350138169,-10112.9350138169,-10111.9350138169,-10110.9350138169,-10109.9350138169,-10108.9350138169,-10107.9350138169,-10106.9350138169,-10105.9350138169,-10104.9350138169,-10103.9350138169,-10102.9350138169,-10101.9350138169,-10100.9350138169,-10099.9350138169,-10098.9350138169,-10097.9350138169,-10096.9350138169,-10095.9350138169,-10094.9350138169,-10093.9350138169,-10092.9350138169,-10091.9350138169,-10090.9350138169,-10089.9350138169,-10088.9350138169,-10087.9350138169,-10086.9350138169,-10085.9350138169,-10084.9350138169,-10083.9350138169,,
,-10034.619969341,-10033.619969341,-10032.6199693409,-10031.6199693409,-10030.6199693409,-10029.6199693409,-10028.6199693409,-10027.6199693409,-10026.6199693409,-10025.6199693409,-10024.6199693409,-10023.6199693409,-10022.619969341,-10021.619969341,-10020.619969341,-10019.619969341,-10018.619969341,-10017.619969341,-10016.619969341,-10015.619969341,-10014.619969341,-10013.619969341,-10012.6199693409,-10011.6199693409,-10010.6199693409,-10009.6199693409,-10008.6199693409,-10007.6199693409,-10006.6199693409,-10005.6199693409,-10004.6199693409,-10003.6199693409,-10002.619969341,-10001.619969341,-10000.619969341,-9999.61996934095,-9998.61996934095,-9997.61996934095,-9996.61996934095,-9995.61996934095,-9994.61996934095,-9993.61996934095,-9992.61996934095,-9991.61996934095,-9990.61996934095,-9989.61996934095,-9988.61996934095,-9987.61996934095,-9986.61996934095,-9985.61996934095,-9984.61996934095,-9983.61996934095,-9982.61996934095,-9981.61996934095,-9980.61996934095,-9979.61996934095,-9978.61996934095,-9977.61996934095,-9976.61996934095,-9975.61996934095,,
,,,,,,,,,,,,,,,,,,,,,,,,,,,,,,,,,,,,,,,,,,,,,,,,,,,,,,,,,,,,,,
,,,,,,,,,,,,,,,,,,,,,,,,,,,,,,,,,,,,,,,,,,,,,,,,,,,,,,,,,,,,,,
,,,,,,,,,,,,,,,,,,,,,,,,,,,,,,,,,,,,,,,,,,,,,,,,,,,,,,,,,,,,,,
,,,,,,,,,,,,,,,,,,,,,,,,,,,,,,,,,,,,,,,,,,,,,,,,,,,,,,,,,,,,,,
,,,,,,,,,,,,,,,,,,,,,,,,,,,,,,,,,,,,,,,,,,,,,,,,,,,,,,,,,,,,,,
,,,,,,,,,,,,,,,,,,,,,,,,,,,,,,,,,,,,,,,,,,,,,,,,,,,,,,,,,,,,,,
,,,,,,,,,,,,,,,,,,,,,,,,,,,,,,,,,,,,,,,,,,,,,,,,,,,,,,,,,,,,,,
,,,,,,,,,,,,,,,,,,,,,,,,,,,,,,,,,,,,,,,,,,,,,,,,,,,,,,,,,,,,,,
,,,,,,,,,,,,,,,,,,,,,,,,,,,,,,,,,,,,,,,,,,,,,,,,,,,,,,,,,,,,,,
,,,,,,,,,,,,,,,,,,,,,,,,,,,,,,,,,,,,,,,,,,,,,,,,,,,,,,,,,,,,,,
n100,,,,,,,,,,,,,,,,,,,,,,,,,,,,,,,,,,,,,,,,,,,,,,,,,,,,,,,,,,,,,,
,,,,,,,,,,,,,,,,,,,,,,,,,,,,,,,,,,,,,,,,,,,,,,,,,,,,,,,,,,,,,,seed
abs,-134414.507492987,-134413.507492987,-134412.507492987,-134411.507492987,-134410.507492987,-134409.507492987,-134408.507492987,-134407.507492987,-134406.507492987,-134405.507492987,-134404.507492987,-134403.507492987,-134402.507492987,-134401.507492987,-134400.507492987,-134399.507492987,-134398.507492987,-134397.507492987,-134396.507492987,-134395.507492987,-134394.507492987,-134393.507492987,-134392.507492987,-134391.507492987,-134390.507492987,-134389.507492987,-134388.507492987,-134387.507492987,-134386.507492987,-134385.507492987,-134384.507492987,-134383.507492987,-134382.507492987,-134381.507492987,-134380.507492987,-134379.507492987,-134378.507492987,-134377.507492987,-134376.507492987,-134375.507492987,-134374.507492987,-134373.507492987,-134372.507492987,-134371.507492987,-134370.507492987,-134369.507492987,-134368.507492987,-134367.507492987,-134366.507492987,-134365.507492987,-134364.507492987,-134363.507492987,-134362.507492987,-134361.507492987,-134360.507492987,-134359.507492987,-134358.507492987,-134357.507492987,-134356.507492987,-134355.507492987,,
abs,-189585.232491019,-189584.232491019,-189583.232491019,-189582.232491019,-189581.232491019,-189580.232491019,-189579.232491019,-189578.232491019,-189577.232491019,-189576.232491019,-189575.232491019,-189574.232491019,-189573.232491019,-189572.232491019,-189571.232491019,-189570.232491019,-189569.232491019,-189568.232491019,-189567.232491019,-189566.232491019,-189565.232491019,-189564.232491019,-189563.232491019,-189562.232491019,-189561.232491019,-189560.232491019,-189559.232491019,-189558.232491019,-189557.232491019,-189556.232491019,-189555.232491019,-189554.232491019,-189553.232491019,-189552.232491019,-189551.232491019,-189550.232491019,-189549.232491019,-189548.232491019,-189547.232491019,-189546.232491019,-189545.232491019,-189544.232491019,-189543.232491019,-189542.232491019,-189541.232491019,-189540.232491019,-189539.232491019,-189538.232491019,-189537.232491019,-189536.232491019,-189535.232491019,-189534.232491019,-189533.232491019,-189532.232491019,-189531.232491019,-189530.232491019,-189529.232491019,-189528.232491019,-189527.232491019,-189526.232491019,,
abs,-174242.786440988,-174241.786440988,-174240.786440988,-174239.786440988,-174238.786440988,-174237.786440988,-174236.786440988,-174235.786440988,-174234.786440988,-174233.786440988,-174232.786440988,-174231.786440988,-174230.786440988,-174229.786440988,-174228.786440988,-174227.786440988,-174226.786440988,-174225.786440988,-174224.786440988,-174223.786440988,-174222.786440988,-174221.786440988,-174220.786440988,-174219.786440988,-174218.786440988,-174217.786440988,-174216.786440988,-174215.786440988,-174214.786440988,-174213.786440988,-174212.786440988,-174211.786440988,-174210.786440988,-174209.786440988,-174208.786440988,-174207.786440988,-174206.786440988,-174205.786440988,-174204.786440988,-174203.786440988,-174202.786440988,-174201.786440988,-174200.786440988,-174199.786440988,-174198.786440988,-174197.786440988,-174196.786440988,-174195.786440988,-174194.786440988,-174193.786440988,-174192.786440988,-174191.786440988,-174190.786440988,-174189.786440988,-174188.786440988,-174187.786440988,-174186.786440988,-174185.786440988,-174184.786440988,-174183.786440988,,
,-166080.842141665,-166079.842141665,-166078.842141665,-166077.842141665,-166076.842141665,-166075.842141665,-166074.842141665,-166073.842141665,-166072.842141665,-166071.842141665,-166070.842141665,-166069.842141665,-166068.842141665,-166067.842141665,-166066.842141665,-166065.842141665,-166064.842141665,-166063.842141665,-166062.842141665,-166061.842141665,-166060.842141665,-166059.842141665,-166058.842141665,-166057.842141665,-166056.842141665,-166055.842141665,-166054.842141665,-166053.842141665,-166052.842141665,-166051.842141665,-166050.842141665,-166049.842141665,-166048.842141665,-166047.842141665,-166046.842141665,-166045.842141665,-166044.842141665,-166043.842141665,-166042.842141665,-166041.842141665,-166040.842141665,-166039.842141665,-166038.842141665,-166037.842141665,-166036.842141665,-166035.842141665,-166034.842141665,-166033.842141665,-166032.842141665,-166031.842141665,-166030.842141665,-166029.842141665,-166028.842141665,-166027.842141665,-166026.842141665,-166025.842141665,-166024.842141665,-166023.842141665,-166022.842141665,-166021.842141665,,
,,,,,,,,,,,,,,,,,,,,,,,,,,,,,,,,,,,,,,,,,,,,,,,,,,,,,,,,,,,,,,
,,,,,,,,,,,,,,,,,,,,,,,,,,,,,,,,,,,,,,,,,,,,,,,,,,,,,,,,,,,,,,
,,,,,,,,,,,,,,,,,,,,,,,,,,,,,,,,,,,,,,,,,,,,,,,,,,,,,,,,,,,,,,
,,,,,,,,,,,,,,,,,,,,,,,,,,,,,,,,,,,,,,,,,,,,,,,,,,,,,,,,,,,,,,
,,,,,,,,,,,,,,,,,,,,,,,,,,,,,,,,,,,,,,,,,,,,,,,,,,,,,,,,,,,,,,
,,,,,,,,,,,,,,,,,,,,,,,,,,,,,,,,,,,,,,,,,,,,,,,,,,,,,,,,,,,,,,
,,,,,,,,,,,,,,,,,,,,,,,,,,,,,,,,,,,,,,,,,,,,,,,,,,,,,,,,,,,,,,
,,,,,,,,,,,,,,,,,,,,,,,,,,,,,,,,,,,,,,,,,,,,,,,,,,,,,,,,,,,,,,
,,,,,,,,,,,,,,,,,,,,,,,,,,,,,,,,,,,,,,,,,,,,,,,,,,,,,,,,,,,,,,
,,,,,,,,,,,,,,,,,,,,,,,,,,,,,,,,,,,,,,,,,,,,,,,,,,,,,,,,,,,,,,
n200,,,,,,,,,,,,,,,,,,,,,,,,,,,,,,,,,,,,,,,,,,,,,,,,,,,,,,,,,,,,,,
,,,,,,,,,,,,,,,,,,,,,,,,,,,,,,,,,,,,,,,,,,,,,,,,,,,,,,,,,,,,,,seed
abs,-491509.350599266,-491508.350599266,-491507.350599266,-491506.350599266,-491505.350599266,-491504.350599266,-491503.350599266,-491502.350599266,-491501.350599266,-491500.350599266,-491499.350599266,-491498.350599266,-491497.350599266,-491496.350599266,-491495.350599266,-491494.350599266,-491493.350599266,-491492.350599266,-491491.350599266,-491490.350599266,-491489.350599266,-491488.350599266,-491487.350599266,-491486.350599266,-491485.350599266,-491484.350599266,-491483.350599266,-491482.350599266,-491481.350599266,-491480.350599266,-491479.350599266,-491478.350599266,-491477.350599266,-491476.350599266,-491475.350599266,-491474.350599266,-491473.350599266,-491472.350599266,-491471.350599266,-491470.350599266,-491469.350599266,-491468.350599266,-491467.350599266,-491466.350599266,-491465.350599266,-491464.350599266,-491463.350599266,-491462.350599266,-491461.350599266,-491460.350599266,-491459.350599266,-491458.350599266,-491457.350599266,-491456.350599266,-491455.350599266,-491454.350599266,-491453.350599266,-491452.350599266,-491451.350599266,-491450.350599266,,
abs,-487506.333093182,-487505.333093182,-487504.333093182,-487503.333093182,-487502.333093182,-487501.333093182,-487500.333093182,-487499.333093182,-487498.333093182,-487497.333093182,-487496.333093182,-487495.333093182,-487494.333093182,-487493.333093182,-487492.333093182,-487491.333093182,-487490.333093182,-487489.333093182,-487488.333093182,-487487.333093182,-487486.333093182,-487485.333093182,-487484.333093182,-487483.333093182,-487482.333093182,-487481.333093182,-487480.333093182,-487479.333093182,-487478.333093182,-487477.333093182,-487476.333093182,-487475.333093182,-487474.333093182,-487473.333093182,-487472.333093182,-487471.333093182,-487470.333093182,-487469.333093182,-487468.333093182,-487467.333093182,-487466.333093182,-487465.333093182,-487464.333093182,-487463.333093182,-487462.333093182,-487461.333093182,-487460.333093182,-487459.333093182,-487458.333093182,-487457.333093182,-487456.333093182,-487455.333093182,-487454.333093182,-487453.333093182,-487452.333093182,-487451.333093182,-487450.333093182,-487449.333093182,-487448.333093182,-487447.333093182,,
,-489507.841846224,-489506.841846224,-489505.841846224,-489504.841846224,-489503.841846224,-489502.841846224,-489501.841846224,-489500.841846224,-489499.841846224,-489498.841846224,-489497.841846224,-489496.841846224,-489495.841846224,-489494.841846224,-489493.841846224,-489492.841846224,-489491.841846224,-489490.841846224,-489489.841846224,-489488.841846224,-489487.841846224,-489486.841846224,-489485.841846224,-489484.841846224,-489483.841846224,-489482.841846224,-489481.841846224,-489480.841846224,-489479.841846224,-489478.841846224,-489477.841846224,-489476.841846224,-489475.841846224,-489474.841846224,-489473.841846224,-489472.841846224,-489471.841846224,-489470.841846224,-489469.841846224,-489468.841846224,-489467.841846224,-489466.841846224,-489465.841846224,-489464.841846224,-489463.841846224,-489462.841846224,-489461.841846224,-489460.841846224,-489459.841846224,-489458.841846224,-489457.841846224,-489456.841846224,-489455.841846224,-489454.841846224,-489453.841846224,-489452.841846224,-489451.841846224,-489450.841846224,-489449.841846224,-489448.841846224,,
,,,,,,,,,,,,,,,,,,,,,,,,,,,,,,,,,,,,,,,,,,,,,,,,,,,,,,,,,,,,,,
,,,,,,,,,,,,,,,,,,,,,,,,,,,,,,,,,,,,,,,,,,,,,,,,,,,,,,,,,,,,,,
,,,,,,,,,,,,,,,,,,,,,,,,,,,,,,,,,,,,,,,,,,,,,,,,,,,,,,,,,,,,,,
,,,,,,,,,,,,,,,,,,,,,,,,,,,,,,,,,,,,,,,,,,,,,,,,,,,,,,,,,,,,,,
,,,,,,,,,,,,,,,,,,,,,,,,,,,,,,,,,,,,,,,,,,,,,,,,,,,,,,,,,,,,,,
,,,,,,,,,,,,,,,,,,,,,,,,,,,,,,,,,,,,,,,,,,,,,,,,,,,,,,,,,,,,,,
,,,,,,,,,,,,,,,,,,,,,,,,,,,,,,,,,,,,,,,,,,,,,,,,,,,,,,,,,,,,,,
,,,,,,,,,,,,,,,,,,,,,,,,,,,,,,,,,,,,,,,,,,,,,,,,,,,,,,,,,,,,,,
,,,,,,,,,,,,,,,,,,,,,,,,,,,,,,,,,,,,,,,,,,,,,,,,,,,,,,,,,,,,,,
,,,,,,,,,,,,,,,,,,,,,,,,,,,,,,,,,,,,,,,,,,,,,,,,,,,,,,,,,,,,,,
,,,,,,,,,,,,,,,,,,,,,,,,,,,,,,,,,,,,,,,,,,,,,,,,,,,,,,,,,,,,,,
,,,,,,,,,,,,,,,,,,,,,,,,,,,,,,,,,,,,,,,,,,,,,,,,,,,,,,,,,,,,,,
,,,,,,,,,,,,,,,,,,,,,,,,,,,,,,,,,,,,,,,,,,,,,,,,,,,,,,,,,,,,,,
n3,,,,,,,,,,,,,,,,,,,,,,,,,,,,,,,,,,,,,,,,,,,,,,,,,,,,,,,,,,,,,,
,,,,,,,,,,,,,,,,,,,,,,,,,,,,,,,,,,,,,,,,,,,,,,,,,,,,,,,,,,,,,,seed
final,-290.009797618419,-275.657922840835,-267.270732611414,-261.643126564803,-256.905393608985,-253.244519807955,-249.832838507803,-247.069044062131,-244.419187427224,-242.114664406789,-235.136721745488,-230.93473045886,-227.712230121484,-225.05646135115,-223.176998759634,-221.369815652242,-220.191704213963,-219.095827653698,-218.464888982987,-218.025614244121,-217.791455552369,-217.798272543932,-217.858894977947,-217.824367125632,-217.667316461623,-217.696197145195,-217.615479285392,-217.814094992335,-217.74246738199,-217.682791082076,-217.589431319959,-217.24180143457,-216.98551706871,-216.835135362291,-216.698768317845,-216.566572939761,-216.486261283842,-216.094164225566,-215.97140851222,-215.844168688586,-215.610615369118,-215.428475685795,-215.213512524628,-215.041872667179,-214.834195551315,-214.695733267962,-214.571580156161,-214.515648540493,-214.492039037382,-214.412865506358,-214.281825255798,-214.235679552082,-214.160752355268,-214.064846783804,-214.030693461863,-213.884844669294,-213.744827036322,-213.658780674339,-213.529026274041,-213.428989029778,,9
final,-304.585762500442,-289.831758020966,-279.896325409544,-272.723107510984,-266.329475382572,-261.252194986596,-257.237506497106,-254.44846585771,-252.265757793475,-250.436953536346,-243.29561799291,-239.403215113404,-236.798409302882,-235.0635546391,-234.148669903451,-233.421437146304,-232.752877802635,-231.769377012942,-230.775576160914,-229.982242337997,-229.249022818039,-227.99519012998,-226.578527329354,-225.021318925812,-223.484095803706,-222.238430872128,-221.225742903475,-220.32303519781,-219.381016056084,-218.330281060407,-217.433547916255,-216.643290811633,-216.204052193665,-215.897367103456,-215.825162360947,-215.693008915938,-215.618371256112,-215.521011588711,-215.56709109423,-215.53034359172,-215.339087103039,-215.228502235285,-215.113329765591,-214.986453363335,-214.845527018503,-214.830865218657,-214.790325048618,-214.715517426517,-214.564530382534,-214.453089680445,-214.417747585698,-214.360497319252,-214.323871067934,-214.293090639869,-214.246340489994,-214.144385721989,-214.002204123447,-213.923422836808,-213.809940351763,-213.762855660483,,42
final,-296.89392720262,-281.94286767277,-272.675844122353,-265.85029780104,-260.133048247858,-255.798404095044,-252.28703410096,-249.732099882069,-247.475853145826,-245.633548738885,-238.548315962869,-234.415569486555,-231.46913561675,-229.256075533727,-227.78136809247,-226.338289840846,-225.305267166498,-224.250094735574,-223.310116346898,-222.396370802542,-221.752110248303,-221.186903218143,-220.656656969091,-220.174376035543,-219.821206889459,-219.544933006498,-219.259569532909,-218.871783185842,-218.416102358612,-218.118790298609,-217.761367444309,-217.33684439516,-216.990042492304,-216.647656196661,-216.2524090223,-216.003028925797,-215.593205263007,-215.227008567819,-215.100970526674,-214.811224279781,-214.640795905652,-214.459257286061,-214.265264944447,-214.189725399951,-214.129078775187,-214.132601969307,-214.131688794986,-214.156348347594,-214.25169701156,-214.336128784348,-214.33701150636,-214.36002398736,-214.412456788441,-214.371098555521,-214.360974119253,-214.286122133086,-214.272989926946,-214.260576409107,-214.140326341623,-214.021256879321,,58
,,,,,,,,,,,,,,,,,,,,,,,,,,,,,,,,,,,,,,,,,,,,,,,,,,,,,,,,,,,,,,
,,,,,,,,,,,,,,,,,,,,,,,,,,,,,,,,,,,,,,,,,,,,,,,,,,,,,,,,,,,,,,
,,,,,,,,,,,,,,,,,,,,,,,,,,,,,,,,,,,,,,,,,,,,,,,,,,,,,,,,,,,,,,
,,,,,,,,,,,,,,,,,,,,,,,,,,,,,,,,,,,,,,,,,,,,,,,,,,,,,,,,,,,,,,
,,,,,,,,,,,,,,,,,,,,,,,,,,,,,,,,,,,,,,,,,,,,,,,,,,,,,,,,,,,,,,
,,,,,,,,,,,,,,,,,,,,,,,,,,,,,,,,,,,,,,,,,,,,,,,,,,,,,,,,,,,,,,
,,,,,,,,,,,,,,,,,,,,,,,,,,,,,,,,,,,,,,,,,,,,,,,,,,,,,,,,,,,,,,
,,,,,,,,,,,,,,,,,,,,,,,,,,,,,,,,,,,,,,,,,,,,,,,,,,,,,,,,,,,,,,
,,,,,,,,,,,,,,,,,,,,,,,,,,,,,,,,,,,,,,,,,,,,,,,,,,,,,,,,,,,,,,
,,,,,,,,,,,,,,,,,,,,,,,,,,,,,,,,,,,,,,,,,,,,,,,,,,,,,,,,,,,,,,
,,,,,,,,,,,,,,,,,,,,,,,,,,,,,,,,,,,,,,,,,,,,,,,,,,,,,,,,,,,,,,
n6,,,,,,,,,,,,,,,,,,,,,,,,,,,,,,,,,,,,,,,,,,,,,,,,,,,,,,,,,,,,,,
,,,,,,,,,,,,,,,,,,,,,,,,,,,,,,,,,,,,,,,,,,,,,,,,,,,,,,,,,,,,,,seed
final,-4248.12196169918,-4235.95158919547,-4213.51698990107,-4175.04245171228,-4149.9643666112,-4121.966171742,-4093.64383556021,-4068.82476707417,-4046.56376271545,-4023.43544828459,-3981.27015401519,-3935.03126226915,-3890.73869500512,-3856.54473304689,-3822.09274379049,-3797.50445697286,-3775.93395455703,-3757.26060011896,-3739.96939355972,-3728.33392646704,-3713.79374825754,-3703.26006980033,-3694.48727143779,-3686.2768203494,-3675.62144338499,-3660.51096629075,-3645.98202181518,-3630.82810535766,-3617.7150730759,-3602.8287442539,-3588.92896312748,-3574.32479286476,-3561.71828072136,-3547.34875441926,-3535.20086621272,-3523.95663846853,-3516.63855211195,-3504.65680600429,-3492.69094046021,-3479.65230407848,-3466.12439703635,-3455.79719235929,-3444.89512780804,-3435.28417703468,-3425.82617548118,-3417.57717455851,-3406.34295566427,-3399.00665425728,-3390.69951836443,-3382.67668831509,-3375.76340033473,-3368.3092019718,-3360.07532775739,-3352.19861486814,-3345.8174509458,-3338.05727154964,-3331.28272706524,-3325.43338818044,-3319.55523472504,-3315.86528888768,,9
final,-4497.64680400346,-4414.53962529406,-4435.47496894933,-4340.08376629563,-4267.25271814361,-4211.41145579286,-4171.67032238751,-4135.23694869593,-4105.55507382519,-4077.9598380524,-4010.93396950279,-3961.33330047483,-3895.01057637885,-3870.95247300534,-3850.01608295725,-3831.40804513586,-3812.15793626606,-3796.90587147281,-3781.78466947332,-3770.9251546004,-3759.3245357298,-3745.47577878128,-3732.12419356477,-3716.58704947685,-3704.96847759621,-3694.92126877937,-3684.21090854324,-3672.88521730983,-3661.43491700134,-3647.1258257195,-3633.47662498846,-3619.8672909053,-3605.93306468032,-3593.4281522228,-3581.5601069829,-3569.13782001196,-3556.17482106231,-3544.84871554379,-3532.65853641076,-3521.9997230404,-3512.40679542924,-3504.48203610509,-3496.85741241352,-3489.01733501606,-3481.01296466866,-3473.78800703704,-3468.17480182205,-3461.65760489113,-3456.813163407,-3451.83127012072,-3446.25615685055,-3440.04634316712,-3435.23929686228,-3430.73400812341,-3426.35744591181,-3421.15790051688,-3416.95388032406,-3413.09933112896,-3409.72848694585,-3407.23793871363,,42
final,-4522.9282787226,-4430.19989709907,-4332.55728493251,-4271.51088486488,-4219.17864108859,-4189.309583245,-4161.06681478888,-4133.27935643063,-4107.25432610998,-4084.69050692506,-4021.36237754899,-3970.66334800469,-3939.75183981557,-3911.95412384668,-3887.87776083252,-3856.71448344348,-3832.67179898965,-3806.1738192416,-3788.30628146318,-3766.53457040315,-3742.89394323216,-3721.60927992952,-3700.32274366777,-3678.19548323477,-3659.50267276497,-3642.73668662892,-3621.99941368233,-3607.37176196199,-3587.67023796147,-3572.95364633871,-3559.34628085148,-3547.41215114148,-3535.98774742438,-3524.46376942876,-3512.81582597256,-3504.89408091779,-3496.80713115465,-3490.1646212527,-3483.24506239027,-3474.12686649009,-3464.56871375018,-3454.60277983214,-3442.90592741087,-3435.55574639444,-3428.86073568936,-3419.52524328053,-3410.82199785587,-3401.36303460446,-3393.15664798025,-3387.64765245269,-3382.05682740197,-3377.73612982886,-3374.61961631039,-3370.00485111151,-3365.16304349112,-3360.29307968611,-3356.32609465445,-3353.70149946653,-3350.35082926088,-3346.83521900213,,58
,,,,,,,,,,,,,,,,,,,,,,,,,,,,,,,,,,,,,,,,,,,,,,,,,,,,,,,,,,,,,,
,,,,,,,,,,,,,,,,,,,,,,,,,,,,,,,,,,,,,,,,,,,,,,,,,,,,,,,,,,,,,,
,,,,,,,,,,,,,,,,,,,,,,,,,,,,,,,,,,,,,,,,,,,,,,,,,,,,,,,,,,,,,,
,,,,,,,,,,,,,,,,,,,,,,,,,,,,,,,,,,,,,,,,,,,,,,,,,,,,,,,,,,,,,,
,,,,,,,,,,,,,,,,,,,,,,,,,,,,,,,,,,,,,,,,,,,,,,,,,,,,,,,,,,,,,,
,,,,,,,,,,,,,,,,,,,,,,,,,,,,,,,,,,,,,,,,,,,,,,,,,,,,,,,,,,,,,,
,,,,,,,,,,,,,,,,,,,,,,,,,,,,,,,,,,,,,,,,,,,,,,,,,,,,,,,,,,,,,,
,,,,,,,,,,,,,,,,,,,,,,,,,,,,,,,,,,,,,,,,,,,,,,,,,,,,,,,,,,,,,,
,,,,,,,,,,,,,,,,,,,,,,,,,,,,,,,,,,,,,,,,,,,,,,,,,,,,,,,,,,,,,,
,,,,,,,,,,,,,,,,,,,,,,,,,,,,,,,,,,,,,,,,,,,,,,,,,,,,,,,,,,,,,,
n15,,,,,,,,,,,,,,,,,,,,,,,,,,,,,,,,,,,,,,,,,,,,,,,,,,,,,,,,,,,,,,
,,,,,,,,,,,,,,,,,,,,,,,,,,,,,,,,,,,,,,,,,,,,,,,,,,,,,,,,,,,,,,seed
final,-3439.25728819326,-3359.76051358749,-3347.75723436449,-3347.73410006545,-3295.56406773834,-3249.08152100562,-3199.63976718671,-3147.09548262374,-3096.44670806004,-3050.97478972159,-2965.25678631235,-2890.75220219551,-2805.80418535836,-2709.74567791855,-2635.21176720937,-2562.43886997319,-2496.04390775888,-2434.54993770682,-2379.11228947171,-2324.38705678046,-2272.57658663137,-2224.34692062106,-2179.10761676778,-2139.06809902072,-2102.53468998947,-2070.2107802506,-2040.97831401737,-2018.30922273531,-1995.67648392422,-1977.25064647834,-1960.71243869504,-1943.49478068848,-1929.91519940733,-1916.98652792333,-1903.73313142748,-1889.28851795848,-1877.75956383624,-1865.41289194533,-1855.51017606524,-1843.02656126859,-1830.53880886421,-1818.92880240291,-1806.1052554987,-1796.65899682739,-1786.03170333487,-1776.76182808094,-1766.84456425498,-1757.99683879897,-1749.07403404704,-1744.30568158657,-1739.63043115834,-1736.82332189601,-1733.31442592642,-1730.44165328567,-1730.67558234104,-1730.00399451748,-1729.80178156757,-1730.65653968907,-1730.55635308259,-1730.30219570075,,9
final,-3486.94847804733,-3427.48819143735,-3384.23018753231,-3346.72686829826,-3319.99700870451,-3275.58640090996,-3220.89126907825,-3160.8792569163,-3106.20989709363,-3055.83633332554,-2954.87006352391,-2857.81264090424,-2763.0420112809,-2667.8519848121,-2570.85625068107,-2483.27354407246,-2408.25502045909,-2340.94137637557,-2276.77546546317,-2215.72398798243,-2164.02384239258,-2118.2759242005,-2075.02008029056,-2038.14365685348,-2003.45712744211,-1972.74407666918,-1942.71777725487,-1920.86852135981,-1903.6616674962,-1886.07932830578,-1870.67469105471,-1856.30519275185,-1841.89171217021,-1828.39900238281,-1816.83352365781,-1805.35753807879,-1796.51669918158,-1785.31623121599,-1772.94119306949,-1765.43968035513,-1756.9999524364,-1751.451012273,-1745.78511433223,-1740.28234032893,-1733.84501073484,-1730.73259573439,-1726.63235504246,-1724.06354638127,-1721.28039855333,-1717.94788077344,-1716.6852800408,-1712.46553689579,-1710.86775155853,-1709.34579412431,-1707.03145681678,-1703.43625154363,-1700.25422857979,-1697.76530113087,-1695.82728667437,-1694.18022780531,,42
final,-3872.17772508577,-3640.04686479239,-3456.56604253831,-3326.56464366232,-3229.99569492886,-3155.17402722347,-3089.06755635521,-3027.97438957511,-2973.57839080287,-2926.89852543593,-2783.4870239164,-2683.72153474486,-2609.45848484783,-2549.31194874119,-2493.43923137455,-2440.33782105971,-2393.244795585,-2351.71892978167,-2311.88754408953,-2271.7421376832,-2236.34529524744,-2200.1535814963,-2168.02746621111,-2135.65414298967,-2105.25335767061,-2076.68541649825,-2048.3218978574,-2021.789572982,-2000.6811359523,-1979.97668886752,-1959.05725552149,-1939.664112994,-1921.98410411398,-1904.456445479,-1887.73479461974,-1871.76155645824,-1854.71725380934,-1841.61788089893,-1824.46086261947,-1810.99182905537,-1798.58772085361,-1785.41768367821,-1773.2012731798,-1763.33614299741,-1754.3833581839,-1743.64095255602,-1738.88246738006,-1731.17768976799,-1726.39361728912,-1720.01606209384,-1716.82163864953,-1715.73665061742,-1713.72242262868,-1709.3283212486,-1707.44870601115,-1706.60807215018,-1702.25274619567,-1699.17194770454,-1696.02536116097,-1694.03111076212,,58
,,,,,,,,,,,,,,,,,,,,,,,,,,,,,,,,,,,,,,,,,,,,,,,,,,,,,,,,,,,,,,
,,,,,,,,,,,,,,,,,,,,,,,,,,,,,,,,,,,,,,,,,,,,,,,,,,,,,,,,,,,,,,
,,,,,,,,,,,,,,,,,,,,,,,,,,,,,,,,,,,,,,,,,,,,,,,,,,,,,,,,,,,,,,
,,,,,,,,,,,,,,,,,,,,,,,,,,,,,,,,,,,,,,,,,,,,,,,,,,,,,,,,,,,,,,
,,,,,,,,,,,,,,,,,,,,,,,,,,,,,,,,,,,,,,,,,,,,,,,,,,,,,,,,,,,,,,
,,,,,,,,,,,,,,,,,,,,,,,,,,,,,,,,,,,,,,,,,,,,,,,,,,,,,,,,,,,,,,
,,,,,,,,,,,,,,,,,,,,,,,,,,,,,,,,,,,,,,,,,,,,,,,,,,,,,,,,,,,,,,
,,,,,,,,,,,,,,,,,,,,,,,,,,,,,,,,,,,,,,,,,,,,,,,,,,,,,,,,,,,,,,
,,,,,,,,,,,,,,,,,,,,,,,,,,,,,,,,,,,,,,,,,,,,,,,,,,,,,,,,,,,,,,
,,,,,,,,,,,,,,,,,,,,,,,,,,,,,,,,,,,,,,,,,,,,,,,,,,,,,,,,,,,,,,
,,,,,,,,,,,,,,,,,,,,,,,,,,,,,,,,,,,,,,,,,,,,,,,,,,,,,,,,,,,,,,
n30,,,,,,,,,,,,,,,,,,,,,,,,,,,,,,,,,,,,,,,,,,,,,,,,,,,,,,,,,,,,,,
,,,,,,,,,,,,,,,,,,,,,,,,,,,,,,,,,,,,,,,,,,,,,,,,,,,,,,,,,,,,,,seed
final,-13493.1267511117,-13400.4837867467,-13256.2063957155,-13139.6659252195,-13068.7294189607,-13008.2989949489,-12993.2118964421,-12945.5644655816,-12909.0539569122,-12853.4201602109,-12734.5862432175,-12623.835978749,-12541.8831305121,-12490.0889046598,-12433.4501361542,-12378.4626496628,-12306.9515581256,-12254.1568143283,-12184.2807241891,-12135.1848501106,-12101.593754747,-12058.1376994304,-12011.2542119961,-11941.0616249973,-11856.2715514069,-11788.6737327423,-11704.4123451196,-11626.2010702416,-11552.2899709014,-11473.3924676449,-11371.8222374076,-11291.1919199361,-11207.5673318054,-11131.7911902896,-11061.4928431622,-10977.0618778488,-10900.2484907083,-10822.1584876633,-10744.1557786084,-10672.2459308442,-10613.1844965001,-10544.5419376491,-10480.5880577099,-10415.1862903697,-10362.7449495208,-10311.0617491138,-10263.9188136644,-10215.5819043515,-10181.7784985592,-10145.6886269783,-10106.2572813264,-10069.9119173016,-10041.5775209523,-10012.8938374104,-9983.60887319073,-9954.52462516311,-9923.97189453586,-9900.80729775466,-9874.390280145,-9855.59261489268,,9
final,-14286.0257129364,-14352.9220368745,-14175.4101570416,-13886.6079369108,-13770.9773148182,-13596.6937571638,-13487.481009946,-13426.5513229737,-13343.9237903119,-13289.8467415389,-13100.0830588948,-12882.4518509287,-12716.9065906737,-12624.7163809557,-12466.4688826413,-12353.0068646057,-12223.0546464211,-12069.0200623593,-11947.6492623736,-11810.0712994819,-11717.5254417021,-11621.536488957,-11528.1330655592,-11433.2242757756,-11371.2706312546,-11337.8626281667,-11301.8505820428,-11266.0995302161,-11215.8898865933,-11180.0547637041,-11146.6122784086,-11123.8315240847,-11095.4200105421,-11075.8024019899,-11047.4862521546,-10996.7436908121,-10950.4093780687,-10895.2349421852,-10860.4604821177,-10808.295091185,-10742.0196560897,-10677.2426996859,-10622.7167084724,-10567.8698242599,-10517.499127926,-10476.0885160263,-10432.5933908808,-10405.6079553319,-10369.6594335852,-10339.5266193137,-10310.0843394146,-10288.5823481156,-10264.9244804522,-10243.5494372887,-10221.2451770108,-10202.1266353627,-10186.4463284402,-10162.9933069453,-10147.5002397966,-10134.4073515103,,42
final,-14417.2915350234,-14193.0289635321,-13799.0968597289,-13546.5074395229,-13366.2648816682,-13270.7712349489,-13170.9871863187,-13078.1836125083,-13013.6054788471,-12962.2680746529,-12757.0688530398,-12597.9890479483,-12617.4139915933,-12565.4354800178,-12525.7545258777,-12449.9428259059,-12459.8561513,-12401.9312127188,-12331.0433690732,-12238.6528314012,-12155.1929746875,-12083.5618793332,-11923.3545767314,-11843.0574608327,-11761.1035204167,-11698.627569485,-11558.4659548328,-11518.4202004593,-11474.8022427576,-11430.9651039672,-11391.4208944784,-11326.8236968872,-11271.3840547408,-11213.6503421591,-11158.9645589678,-11099.8297797231,-11052.5415639847,-10978.5075094523,-10914.5444850781,-10866.6035514765,-10811.7048260387,-10763.1824322266,-10706.1569586655,-10659.8060367101,-10614.9069877284,-10568.511923225,-10524.9476498011,-10482.3468137657,-10436.0737239029,-10395.4739347507,-10358.7105449322,-10323.5306885938,-10291.6202682491,-10263.3907522736,-10235.8025086226,-10214.3742533407,-10186.640243689,-10170.0656824459,-10154.5598337652,-10142.0215923629,,
,,,,,,,,,,,,,,,,,,,,,,,,,,,,,,,,,,,,,,,,,,,,,,,,,,,,,,,,,,,,,,
,,,,,,,,,,,,,,,,,,,,,,,,,,,,,,,,,,,,,,,,,,,,,,,,,,,,,,,,,,,,,,
,,,,,,,,,,,,,,,,,,,,,,,,,,,,,,,,,,,,,,,,,,,,,,,,,,,,,,,,,,,,,,
,,,,,,,,,,,,,,,,,,,,,,,,,,,,,,,,,,,,,,,,,,,,,,,,,,,,,,,,,,,,,,
,,,,,,,,,,,,,,,,,,,,,,,,,,,,,,,,,,,,,,,,,,,,,,,,,,,,,,,,,,,,,,
,,,,,,,,,,,,,,,,,,,,,,,,,,,,,,,,,,,,,,,,,,,,,,,,,,,,,,,,,,,,,,
,,,,,,,,,,,,,,,,,,,,,,,,,,,,,,,,,,,,,,,,,,,,,,,,,,,,,,,,,,,,,,
,,,,,,,,,,,,,,,,,,,,,,,,,,,,,,,,,,,,,,,,,,,,,,,,,,,,,,,,,,,,,,
,,,,,,,,,,,,,,,,,,,,,,,,,,,,,,,,,,,,,,,,,,,,,,,,,,,,,,,,,,,,,,
,,,,,,,,,,,,,,,,,,,,,,,,,,,,,,,,,,,,,,,,,,,,,,,,,,,,,,,,,,,,,,
n100,,,,,,,,,,,,,,,,,,,,,,,,,,,,,,,,,,,,,,,,,,,,,,,,,,,,,,,,,,,,,,
,,,,,,,,,,,,,,,,,,,,,,,,,,,,,,,,,,,,,,,,,,,,,,,,,,,,,,,,,,,,,,seed
final,-134414.507492987,-130776.270608993,-129924.266113337,-128908.795679509,-128301.588103645,-127728.126372529,-127326.08588283,-127113.225075865,-126977.063305577,-126681.246149361,-125628.459841266,-125225.264381373,-124687.832201459,-124378.455909097,-124095.268330045,-123905.266588812,-123584.749348847,-123255.737526281,-122869.003263381,-122692.064060738,-122531.082572685,-122432.220370437,-122266.816178231,-122075.54706588,-121783.495836669,-121424.491078629,-121179.763420939,-120797.488044035,-120474.960538903,-120077.524648168,-119633.302220103,-119203.054377133,-118985.393710601,-118721.037937458,-118633.482080361,-118545.303277865,-118533.571937331,-118451.484941964,-118453.736489127,-118417.831872091,-118297.074042374,-118253.150165618,-118058.567402174,-117962.728471951,-117744.189698962,-117654.650381804,-117450.826768823,-117490.76839381,-117410.245794611,-117379.131563782,-117446.861179379,-117406.435131214,-117350.131503988,-117254.386034648,-117129.129750455,-116962.386864979,-116807.436121174,-116536.509660023,-116237.904123897,-115955.365589486,,9
final,-189585.232491019,-165274.66593785,-156147.412769202,-151266.688643769,-147780.574282326,-145037.959808683,-142896.270802476,-141228.545955326,-139809.483845753,-138657.081338646,-132571.931572936,-131464.3137984,-130717.359978996,-129992.459612335,-129501.038152406,-129278.64952351,-129095.75004161,-129012.62035866,-129034.563720659,-129032.215497253,-129046.895935105,-128997.090275723,-128786.73461019,-128722.249237144,-128707.14623154,-128668.778559285,-128656.206742891,-128498.422651225,-128267.85381165,-128132.215103318,-127715.222338447,-127212.443432755,-126735.827475501,-126131.725744028,-125492.605096287,-124872.775260951,-124286.979125949,-123779.004147632,-123342.4964574,-122812.094066021,-122534.505183215,-122276.380895227,-122001.942621005,-121786.291341205,-121593.307207774,-121378.52094189,-121162.466470158,-120936.610912865,-120670.278877504,-120437.188432633,-120148.528748784,-119863.956496578,-119641.995021258,-119450.377134799,-119261.5858244,-119062.704422123,-118884.195874223,-118734.131836342,-118626.263709808,-118521.503386585,,42
final,-174242.786440988,-152235.068444937,-144891.733774737,-141801.063389154,-140138.843530413,-138041.700288277,-136171.820420991,-135040.440713098,-133998.504160658,-133160.952400035,-127974.840490785,-127523.294736912,-127111.607597518,-126456.350913315,-125643.727139533,-125048.970108262,-125019.567702484,-124522.30808415,-124222.542618841,-123987.786321946,-123804.189823187,-123159.996660461,-122407.845398438,-121374.248343241,-120237.172986026,-119287.334200578,-117834.870849223,-116478.351657252,-114991.328103532,-113350.5569699,-111950.766241609,-110573.565108725,-109227.841367801,-108137.643066233,-107167.757059732,-106373.371383271,-105745.714103162,-105237.264629315,-104744.070171695,-104337.699515433,-103935.534071785,-103593.597485558,-103283.790288215,-102948.171475613,-102601.719454703,-102253.883522405,-101923.019759791,-101607.48452521,-101330.689080314,-101036.54709092,-100715.489048045,-100376.781297678,-100025.400584531,-99689.5772884533,-99355.2077570186,-99001.3722717682,-98643.4302464098,-98304.5777943352,-97982.8004274559,-97688.2010085403,,58
,,,,,,,,,,,,,,,,,,,,,,,,,,,,,,,,,,,,,,,,,,,,,,,,,,,,,,,,,,,,,,
,,,,,,,,,,,,,,,,,,,,,,,,,,,,,,,,,,,,,,,,,,,,,,,,,,,,,,,,,,,,,,
,,,,,,,,,,,,,,,,,,,,,,,,,,,,,,,,,,,,,,,,,,,,,,,,,,,,,,,,,,,,,,
,,,,,,,,,,,,,,,,,,,,,,,,,,,,,,,,,,,,,,,,,,,,,,,,,,,,,,,,,,,,,,
,,,,,,,,,,,,,,,,,,,,,,,,,,,,,,,,,,,,,,,,,,,,,,,,,,,,,,,,,,,,,,
,,,,,,,,,,,,,,,,,,,,,,,,,,,,,,,,,,,,,,,,,,,,,,,,,,,,,,,,,,,,,,
,,,,,,,,,,,,,,,,,,,,,,,,,,,,,,,,,,,,,,,,,,,,,,,,,,,,,,,,,,,,,,
,,,,,,,,,,,,,,,,,,,,,,,,,,,,,,,,,,,,,,,,,,,,,,,,,,,,,,,,,,,,,,
,,,,,,,,,,,,,,,,,,,,,,,,,,,,,,,,,,,,,,,,,,,,,,,,,,,,,,,,,,,,,,
,,,,,,,,,,,,,,,,,,,,,,,,,,,,,,,,,,,,,,,,,,,,,,,,,,,,,,,,,,,,,,
n200,,,,,,,,,,,,,,,,,,,,,,,,,,,,,,,,,,,,,,,,,,,,,,,,,,,,,,,,,,,,,,
,,,,,,,,,,,,,,,,,,,,,,,,,,,,,,,,,,,,,,,,,,,,,,,,,,,,,,,,,,,,,,seed
final,-618657.347613484,-677714.81153328,-622004.840161148,-593061.099291762,-578288.585601573,-568344.900161959,-562322.82839156,-560544.126110134,-557417.581390814,-553231.118218897,-542611.965802353,-519683.268163045,-519168.466316211,-518934.756494952,-517467.564007007,-516766.073321706,-515796.479934286,-511363.461072162,-508335.905741138,-506987.996776645,-505845.380481107,-505114.110772452,-504462.111019782,-503941.214422974,-503400.735158983,-502023.237626026,-500057.652301264,-499373.523066995,-498844.15447153,-498378.610998409,-497990.661384439,-497653.567949681,-497387.380189483,-496986.278793091,-496480.494220544,-496143.546954891,-495863.204950536,-495552.855568533,-495231.417361917,-494788.735066079,-494443.722467701,-493908.590765041,-500104.583944207,-502532.148426635,-504907.010464312,-507558.650597484,-510403.014730525,-513182.668228885,-515526.508893246,-517845.796876584,-520165.613731922,-522512.619608812,-518031.168456853,-517288.598402732,-516512.576229456,-515435.84703497,-514720.021813092,-513773.729599953,-513234.38065324,-512883.170089722,,42
final,-641998.64480244,-579748.439911686,-563293.085258377,-552065.574900913,-549665.043051379,-545094.503145862,-540619.695213311,-539408.227377133,-537487.391550553,-535571.033172725,-522941.27320517,-522721.30565762,-521258.353755582,-521147.023360807,-518660.822544148,-517523.056901876,-517302.536983461,-515457.980903733,-514476.866297359,-513917.85561589,-513733.48830585,-513106.049944237,-512635.907357016,-512167.52044141,-511649.838946194,-511445.911991572,-511155.479439773,-511039.429128625,-510503.894430503,-510516.048891507,-509653.888401099,-509352.168023645,-508992.420556882,-508367.124399026,-508022.78449396,-507771.272770994,-507650.363367721,-507227.278987084,-507448.224085408,-506786.749436775,-506205.697510331,-505397.252081074,-504387.835044405,-503285.135133888,-502040.772283885,-500702.076929757,-499008.225612566,-497346.029806375,-495410.056694451,-493661.358837206,-492544.327209703,-491545.552409317,-490574.066590083,-489815.103597259,-489146.130408196,-488637.071022892,-488371.2783059,-488088.8871826,-487878.561845718,-487791.410796993,,58
